strongNumber,stepGloss,count,matched_clusters,matched_words
H0310A,after,728,M21,after
G3767,therefore/then,707,T2,therefore
G5456G,voice/sound: voice,668,"M13,M15,M42","sound,voice"
G2147,to find/meet,635,"M37,T2","find,meet"
H5927G,to ascend: rise,624,M08,rise
G3816,child,416,M05,child
G2540,time/right time,399,M13,right
G1492H,to perceive: see,396,M15,perceive
H3701G,silver: money,391,M28,money
G3694,after,389,M21,after
G3960,to strike,384,M35,strike
H1129,to build,379,"M05,T2",build
H0251G,brother: male-sibling,363,"FLAG,M14,T2","brother,male"
H1870G,way: conduct,348,M22,conduct
G4413G,first,338,"M08,T2",first
G0565,to go away,318,M07,away
H5930A,burnt offering,288,"M10,T2",offering
G5043,child,275,M05,child
G2641,to leave behind,266,M11,leave
G1821,to send out/away,260,M07,away
G0312,to report,254,"M22,M41",report
G1188,right,230,M13,right
G1806,to lead out,218,M23,lead
G1607,to depart,198,M30,depart
G3646,burnt offering,194,"M10,T2",offering
H3423H,to possess: take,193,FLAG,possess
H4639G,deed: work,186,"M36,T2",work
G0906G,to throw: throw,181,M07,throw
G0833,palace/courtyard,179,M23,palace
G5312,to lift up,178,M19,lift
G4334,to come near/agree,177,M44,agree
H4503G,grain offering,176,"M10,T2","grain,offering"
G1330,to pass through,176,FLAG,pass
H3898A,to fight,171,M35,fight
H7126H,to present: bring,168,"M15,T2","bring,present"
G4170,to fight,166,M35,fight
G1459,to leave behind,161,M11,leave
G2525,to appoint/conduct,160,"FLAG,M22","appoint,conduct"
G5438G,prison/watch: prison,158,M06,watch
G3928,to pass by,154,FLAG,pass
G1980,to visit/care for,153,"M05,T2","care,visit"
G3813,child,153,M05,child
G1727,hostile,141,M06,hostile
G2255,half,141,M24,half
G2902,to grasp/seize,135,M24,seize
H0251H,brother: male-relative,134,"FLAG,M14,T2","brother,male,relative"
H7604,to remain,133,M34,remain
H0251I,brother: compatriot,133,M14,brother
G1578,to turn from,132,M30,turn
H5375G,to lift: raise,131,M19,lift
G4105,to lead astray,131,M23,lead
G0749,high-priest,130,"M08,T2",high
H7223G,first,128,"M08,T2",first
G0321,to lead,128,M23,lead
H3225G,right,127,M13,right
H2677,half,125,M24,half
H7725H,to return: rescue,124,"M11,M45",return
G4008,other side,119,T2,other
G3485,temple,117,M27,temple
G0390,to live/return,116,"M11,M25,M45,T2","live,return"
G4815,to seize/conceive/help,115,M24,seize
H7126G,to present: come,112,M15,present
H3498,to remain,106,M34,remain
G5083G,to keep: observe,101,"FLAG,M30",keep
H5307J,to fall: kill,98,"M02,T2",fall
G3008,to minister,98,"M36,T2",minister
G3699,where(-ever),97,T2,where
G3641,little/few,96,"M31,T2",little
G1914,to look upon/at,96,"M18,M30,T2",look
G0522,to take away,95,M07,away
H3559A,to establish: prepare,93,M12,prepare
G5571,false,91,M14,false
G2784,to preach,88,M21,preach
G4496,to throw/lay down,86,"M07,T2","down,throw"
G1869,to lift up,84,M19,lift
G0314,to read,83,"M37,T2",read
H2145,male,82,"FLAG,T2",male
H1697K,word: deed,78,M15,word
G0373,to give rest,77,M33,rest
H1540K,to reveal: remove,74,"FLAG,M30",remove
G2411,temple,74,M27,temple
G2447,poison/rust,73,M24,poison
G1911,to put on/seize,72,M24,seize
G1685,to throw in,71,M07,throw
G2901,to strengthen,70,"M23,M34,T2",strengthen
H0376H,man: husband,69,"FLAG,M05",husband
G2664,to keep from,67,"FLAG,M30",keep
H3925G,to learn: teach,66,M15,teach
H5262,drink offering,66,"M10,T2",offering
H7925,to rise,65,M08,rise
H0801,food offering,65,"M10,T2",offering
H3947I,to take: marry,64,FLAG,marry
G5421,well/abyss,63,M33,well
G0730,male,61,"FLAG,T2",male
G2573,well,60,M33,well
G4014,to take away,60,M07,away
G0837,to grow,59,"M23,T2",grow
G0393,to rise,58,M08,rise
G2722,to hold back/fast,58,"M23,T2","back,hold"
G2647,to destroy/lodge,57,"FLAG,M10,T2",destroy
H1964G,temple,56,M27,temple
G4876,to meet,55,M37,meet
G0308,to look up/again,54,"M18,M30,T2",look
G0435H,man: husband,53,"FLAG,M05",husband
G3719,to rise at dawn,53,M08,rise
G0906H,to throw: put,52,M07,throw
H5375M,to lift: look,51,"M18,M19,M30,T2","lift,look"
H1234,to break up/open,51,"FLAG,T2","break,open"
G0520,to lead away,51,"M07,M23","away,lead"
G1968,to fall/press upon,51,"FLAG,M02,M03,T2","fall,press"
H7223H,first: previous,50,"M08,T2",first
G5180,to strike,50,M35,strike
H5062,to strike,49,M35,strike
G4327,to wait for/welcome,48,"M18,M41","wait,welcome"
G2137,to get along well,48,M33,well
G3516,child,47,M05,child
G1658,free/freedom,46,M38,free
G2859,bosom,46,M05,bosom
G0641,to throw off,46,M07,throw
G2095,well/well done!,45,M33,well
G1263,to testify solemnly,45,M13,testify
G4486,to throw violently,44,M07,throw
H3256,to discipline,43,M19,discipline
H0962,to plunder,43,M24,plunder
G3449,toil,42,M03,toil
H2945,child,42,M05,child
H7225G,first: beginning,41,"M08,M17,T2","beginning,first"
H5975H,to stand: appoint,40,"FLAG,T2","appoint,stand"
H5375N,to lift: loud,40,M19,lift
G1706,to fall into,40,"M02,T2",fall
G3899,to pass by/through,40,FLAG,pass
H1767,sufficiency,39,M15,sufficiency
H5148,to lead,39,M23,lead
G2338,female,38,M36,female
G3693,after,38,M21,after
G2853,to join,38,M10,join
H0875,well,38,M33,well
H1219,to gather/restrain/fortify,37,M30,restrain
G0447,to loosen/leave,37,M11,leave
H3423G,to possess: possess,36,FLAG,possess
G3006,smooth,36,"FLAG,M14",smooth
G2598,to lay/throw down,36,"M07,T2","down,throw"
H6189,uncircumcised,35,M32,uncircumcised
H5130B,to wave,35,M01,wave
G0528,to meet,34,M37,meet
G3375,certainly,34,T2,certainly
G4214,how much/many?,33,FLAG,many
G4892,council,33,M17,council
H1497,to plunder,30,M24,plunder
G3817,to strike,30,M35,strike
H5090A,to lead,30,M23,lead
H8573,wave offering,30,"M01,M10,T2","offering,wave"
G1060,to marry,29,FLAG,marry
G1127,to keep watch,29,"FLAG,M06,M30","keep,watch"
G1362,double,29,"M20,T2",double
G5318,clear,29,M12,clear
G4046,to gain,29,M46,gain
H7725M,to return: reply,29,"M11,M45",return
H1310,to boil,28,M02,boil
G1087,council of elders,28,M17,council
G2974,deaf/mute,27,M07,mute
G1601,to fall out,27,"M02,T2",fall
G4819,to happen,27,FLAG,happen
G5036,quick,27,M02,quick
G4141,to strike,27,M35,strike
H5307I,to fall: allot,26,"M02,T2",fall
H6923,to meet,26,M37,meet
H7760L,to set: appoint,26,FLAG,appoint
G1622,outside/except,26,T2,except
H1697L,word: case,26,M15,word
H1697J,word: promised,26,M15,word
G2300,to look at,25,"M18,M30,T2",look
H5945B,Most High [God],25,"M08,T2",high
H5375W,to lift: bearing [armour],25,M19,lift
G2010,to permit,24,M11,permit
G5118,so great,24,"M23,T2",great
G1670,to draw/persuade,24,M35,persuade
G4649,goal,24,FLAG,goal
H3233G,right,24,M13,right
H7941,strong drink,23,M23,strong
H3547,to minister,23,"M36,T2",minister
G5563,to separate/leave,23,M11,leave
G1896,to look upon,23,"M18,M30,T2",look
G2407,to serve as priest,23,M36,serve
G0659,to put aside,23,M30,aside
G4157,wind/breath,23,M25,breath
H1124,to build,22,"M05,T2",build
H7136A,to meet,22,M37,meet
G2949,a wave,22,M01,wave
G4347,to join,22,M10,join
H3651A,right,22,M13,right
H5347,female,22,M36,female
H8259,to look,22,"M18,M30,T2",look
H2859A,relative,22,FLAG,relative
G4431,fall,21,"M02,T2",fall
G1213,to make clear,21,M12,clear
G2680,to prepare,20,M12,prepare
G3011,minister,20,"M36,T2",minister
H2706H,statute: portion,20,"FLAG,T2",portion
H4503H,offering: gift,20,"M10,M38,M39,T2","gift,offering"
G1961,to remain/keep on,19,"FLAG,M30,M34","keep,remain"
G2227,to make alive,19,M25,alive
G5083I,to keep: protect,19,"FLAG,M30",keep
H4148H,discipline: instruction,19,M19,discipline
H2224,to rise,18,M08,rise
H5197,to drip/prophesy,18,M42,prophesy
H7588,roar,18,M42,roar
G3119,sickness,18,M24,sickness
G2045,to look for/into,18,"M18,M30,T2",look
G1551,to wait for,18,M18,wait
G2605,to proclaim,18,"M41,T2",proclaim
G1858,to keep a festival,18,"FLAG,M30",keep
H1086,to become old,18,M30,become
H7218J,head: first,18,"M08,T2",first
G0722,to plow,17,M14,plow
G1095,to grow old,17,"M23,T2",grow
G1892,to awaken/rouse,17,M25,rouse
H0935M,to come [in]: fulfill,17,FLAG,fulfill
H2670,free,17,M38,free
H5307H,to fall: deserting,17,"M02,T2",fall
H3225H,right: south,17,M13,right
H5411,temple servant,17,M27,temple
H4869A,high refuge,16,"M08,M19,T2","high,refuge"
H1530H,heap: wave,16,M01,wave
G4363,to fall/beat,16,"M02,T2",fall
G1907,to hold fast/out,16,M23,hold
G4822,to join with,16,M10,join
H4276,half,16,M24,half
H4503I,offering: tribute,15,"M10,T2","offering,tribute"
G0968,judgement seat,15,"FLAG,T2","judgement,seat"
G2763H,Potter (Field),15,FLAG,potter
G4206,far (away),15,M07,away
G5442I,to keep/guard: protect,15,"FLAG,M30","guard,keep"
G1991,to strengthen,15,"M23,M34,T2",strengthen
G3903,to prepare,15,M12,prepare
G2763G,potter,15,FLAG,potter
G3174,greatness,15,"M46,T2",greatness
H6030C,to sing,15,"M22,M42",sing
H5375U,to lift: marry,15,"FLAG,M19","lift,marry"
H7323H,to run: guard,15,"FLAG,M30",guard
H6298,to meet,14,M37,meet
H8478K,underneath: owning,14,FLAG,owning
H0759G,citadel: palace,13,M23,palace
H5375L,to lift: exalt,13,"M08,M19","exalt,lift"
G0971,to force,13,M23,force
G2210,to lose,13,M20,lose
G1265,to remain,13,M34,remain
G0715,bear,13,M23,bear
H2263,to embrace,13,M05,embrace
H7822,boil,13,M02,boil
H1350H,to redeem: avenge,13,M26,avenge
H3867A,to join,12,M10,join
H1964H,temple: palace,12,"M23,M27","palace,temple"
H1677,bear,12,M23,bear
G0630H,to release: divorce,12,"M11,T2","divorce,release"
G2244,age/height,12,M08,height
G3327,to depart,12,M30,depart
G4017,to look around,12,"M18,M30,T2","around,look"
G4413J,first: best,12,"M08,T2",first
G0626,to defend oneself,12,FLAG,"defend,oneself"
G7530,well done,12,M33,well
G1304,to remain,12,M34,remain
G2561,oppression,12,M24,oppression
G1977,to throw on,12,M07,throw
H3906,oppression,12,M24,oppression
H5549,to build,12,"M05,T2",build
H0934,bright spot,12,FLAG,spot
H1964I,temple: nave,12,M27,temple
H7144,bald spot,11,FLAG,spot
H8154,to plunder,11,M24,plunder
G1925,to show/prove,11,"M05,M21",show
G3199,to concern,11,M20,concern
G3444,form,11,"FLAG,M12",form
G4814,to talk with,11,M14,talk
G4963,commotion/plot,11,M14,plot
G2101,well-pleasing,11,"M04,M33,M39","pleasing,well"
G1641,to have little,11,"M31,T2",little
G2740,burning,11,"M01,M02",burning
H5800C,to leave: release,11,M11,"leave,release"
H7225H,first: best,10,"M08,T2",first
G1918,to marry,10,FLAG,marry
G5221,to go meet,10,M37,meet
G2221,to capture alive,10,M25,alive
G3656,to talk,10,M14,talk
G5453,to grow,10,"M23,T2",grow
H5375V,to lift: count,10,"M15,M19,M26","count,lift"
H2436I,bosom: lap,10,M05,bosom
H5709,to pass on/over/away,9,"FLAG,M07","away,pass"
G0645,to draw away,9,M07,away
G2608,to break,9,"FLAG,T2",break
G4856,to agree with,9,M44,agree
G1229,to proclaim,9,"M41,T2",proclaim
G0634,to fall from,9,"M02,T2",fall
G1599,to send away/out,9,M07,away
G1804,to proclaim,9,"M41,T2",proclaim
H5445,to bear,9,M23,bear
H6006,to lift,9,M19,lift
H5736,to remain,9,M34,remain
H5777,lead,9,M23,lead
H6699,design,9,M15,design
H1697N,word: portion,8,"FLAG,M15,T2","portion,word"
H1965G,temple,8,M27,temple
H8210I,to pour: build siege mound,8,"M05,T2","build,pour,siege"
G0805,to secure,8,M19,secure
G0916,to burden,8,M36,burden
G2649,to testify against,8,"M13,T2","against,testify"
G4357,to remain/persist,8,M34,remain
G3858,to welcome,8,M41,welcome
G1659,to set free,8,M38,free
G1720,to breathe into,8,M25,breathe
G4413H,first: previous,8,"M08,T2",first
G0553,to expect,8,M18,expect
G4932,to cut short,8,"FLAG,T2",short
G0578,to look ahead,8,"M18,M30,T2",look
H2921,to spot,8,FLAG,spot
H7647,abundance,8,M46,abundance
H8666,turn,8,M30,turn
H3233H,right: south,8,M13,right
H4521,portion,8,"FLAG,T2",portion
H2720B,desolate,8,"M27,T2",desolate
H7560,to sign,7,M43,sign
H7725L,to return: refuse,7,"M11,M27,M45","refuse,return"
G0617,to roll away,7,"M07,T2","away,roll"
G4160I,to do/make: appoint,7,FLAG,appoint
G3911,to take away,7,M07,away
G0511,higher,7,M23,higher
G4535,tossing,7,M01,tossing
G1747,plot/ambush,7,M14,plot
G2013,to obtain,7,FLAG,obtain
G4828,to testify with,7,M13,testify
G0135,obscure thing,7,"M25,M28,T2",thing
G1366,double-edged,7,"M20,T2",double
G1983,to oversee/care for,7,M05,care
G3895,to defect,7,M07,defect
G4881,to die/destroy with,7,"FLAG,M10,T2",destroy
G1957,to testify to,7,M13,testify
H0821,watch,7,M06,watch
H7218L,head: count,7,"M15,M26",count
H6600,edict,6,"FLAG,T2",edict
H6842,male goat,6,"FLAG,T2","goat,male"
H5375R,to lift: fight,6,"M19,M35","fight,lift"
G0906J,to throw: pour,6,"M07,T2","pour,throw"
G2044,to utter/proclaim,6,"M41,T2",proclaim
G5438H,prison/watch: watch,6,M06,watch
G2231,reign,6,M23,reign
G4045,to fall upon,6,"M02,T2",fall
G4110,formed thing,6,"FLAG,M25,M28,T2","formed,thing"
G1624,to turn/wander away,6,"M07,M20,M30","away,turn,wander"
G1828,to drag out/away,6,M07,away
H0046,mighty,6,"M23,T2",mighty
H1803B,poor,6,M24,poor
H3423I,to possess: poor,6,"FLAG,M24","poor,possess"
H2436H,bosom: garment,6,M05,bosom
H5414L,to give: throw,6,M07,throw
H7847,to turn aside,6,M30,"aside,turn"
H0935L,to come [in]: marry,6,FLAG,marry
H8155,to plunder,6,M24,plunder
H5307M,to fall: fell [trees],6,"M02,T2",fall
H8229,abundance,6,M46,abundance
H6728,wild beast,6,"FLAG,T2","beast,wild"
H4483,to reckon/appoint,5,"FLAG,T2","appoint,reckon"
H1965H,temple: palace,5,"M23,M27","palace,temple"
H1660,wine press,5,"FLAG,M03",press
H1949,to make noise,5,M42,noise
H7896I,to set: appoint,5,FLAG,appoint
G4411,place of honor,5,"FLAG,M22,T2","honor,place"
G1010,member of a council,5,M17,council
G4413I,first: chief,5,"M08,T2",first
G4903,to work with,5,"M36,T2",work
G0723,plow,5,M14,plow
G1547,to marry,5,FLAG,marry
G1959,to care,5,M05,care
G5442H,to keep/guard: guard,5,"FLAG,M30","guard,keep"
G2975,to choose by lot,5,M37,choose
G1237,to receive in turn,5,M30,turn
G1826,to go out/away,5,M07,away
G0072,self-conduct,5,"M08,M15,M19,M22,M28,T2","conduct,self"
G2558,to torment,5,M03,torment
G4451,burning,5,"M01,M02",burning
G5031,quick,5,M02,quick
H0410J,El [Most High],5,"M08,T2",high
H0611,harm,5,"M03,M24,M27",harm
H3717,to double,5,"M20,T2",double
H5375S,to lift: enthuse,5,M19,lift
H6775,to join,5,M10,join
H2596,to dedicate,5,"M12,T2",dedicate
H2994,sister-in-law,5,M44,sister
H5307L,to fall: fail,5,"M02,T2",fall
H7541,temple,5,M27,temple
H1826I,to silence: destroyed,5,"M01,M27,M33","destroyed,silence"
H5425B,to free,5,M38,free
H1891,to become vain,5,M30,become
H0047G,mighty: ox,5,"M23,T2",mighty
H4446,queen,5,"M23,T2",queen
H8421I,to return: reply,4,"M11,M45",return
H2957,to chase away,4,M07,away
H7313,to rise,4,M08,rise
H5307N,to fall: presenting,4,"M02,T2",fall
H7223I,first: chief,4,"M08,T2",first
G1779,to prepare burial,4,M12,prepare
G2952,little dog,4,"M31,T2",little
G4410,seat of honor,4,"FLAG,M22,T2","honor,seat"
G4801,to join,4,M10,join
G1723,to embrace,4,M05,embrace
G3373,to grow,4,"M23,T2",grow
G2661,to consider worthy,4,"FLAG,M22,M26",worthy
G3167,mighty,4,"M23,T2",mighty
G0311,delay,4,M09,delay
G1613,to disturb greatly,4,FLAG,disturb
G2667,to fall down,4,"M02,T2","down,fall"
G5104,certainly,4,T2,certainly
G4879,to lead away with,4,"M07,M23","away,lead"
G3786,gain,4,M46,gain
G2599,to burden,4,M36,burden
G5082,so great,4,"M23,T2",great
G5432,to guard,4,"FLAG,M30",guard
G4080,how great,4,"M23,T2",great
G0974,little scroll,4,"M31,T2",little
H2509,smooth,4,"FLAG,M14",smooth
H3231,to go right,4,M13,right
H8495,male goat,4,"FLAG,T2","goat,male"
H0579,to meet,4,M37,meet
H1610,single/height,4,M08,height
H2138,male,4,"FLAG,T2",male
H5254H,to test: try,4,M35,test
H0047H,mighty: stallion,4,"M23,T2",mighty
H1197H,to burn: destroy,4,"FLAG,M10,T2",destroy
H5190,to lift,4,M19,lift
H5437K,to turn: changed,4,M30,turn
H1778,to judge,4,"FLAG,M15,M26,M41,T2",judge
H4106,quick,4,M02,quick
H0502,to teach/learn,4,M15,teach
H2269,fellow,3,M44,fellow
H0311,after,3,M21,after
H5376,to lift,3,M19,lift
H2257,harm,3,"M03,M24,M27",harm
H6933,first,3,"M08,T2",first
H7964,parting gift,3,"M38,M39",gift
G0029,to force,3,M23,force
G5412,to burden,3,M36,burden
G5575,false witness,3,"M14,T2","false,witness"
G2622,to break,3,"FLAG,T2",break
G1615,to finish up,3,FLAG,finish
G4244,council of elders,3,M17,council
G4412,first,3,"M08,T2",first
G0387,to cause trouble,3,"M03,M07,M10,M10b,M17,M26,M35","cause,trouble"
G1602,to sail out/away,3,M07,away
G4354,to talk to/with,3,M14,talk
G4282,to prepare,3,M12,prepare
G4800,to live together,3,"FLAG,M25,T2","live,together"
G4869,fellow prisoner,3,M44,fellow
G5446,natural,3,M15,natural
G4976,form,3,"FLAG,M12",form
G1912,to burden,3,M36,burden
G2655,to burden,3,M36,burden
G2820,to obtain,3,FLAG,obtain
G2771,gain,3,M46,gain
G2245,how great?,3,"M23,T2",great
G3331,removal/change,3,M45,change
G3901,to drift away,3,M07,away
G5171,to self-indulge,3,"M08,M15,M19,M28,T2",self
H3318K,to come out: [sun]rise,3,M08,rise
H2640,lack,3,FLAG,lack
H6150,to grow dark,3,"M23,T2","dark,grow"
H6506,female mule,3,M36,female
H3718,double,3,"M20,T2",double
H7570,to boil,3,M02,boil
H5437J,to turn: repell,3,M30,turn
H0338,wild beast,3,"FLAG,T2","beast,wild"
H5414J,to give: turn,3,M30,turn
H5191,to lift,2,M19,lift
H4433,queen,2,"M23,T2",queen
H6537B,half,2,M24,half
H5214,to break,2,"FLAG,T2",break
G1170,a certain one,2,M13,certain
G2134,to become a eunuch,2,M30,become
G2485,little fish,2,"M31,T2",little
G3558H,(Queen of) the South,2,"M23,T2",queen
G0906I,to throw: sow,2,M07,throw
G2122,well timed,2,M33,well
G2365,little daughter,2,"M31,T2",little
G3662,to resemble,2,"M15,T2",resemble
G0309,recovery of sight,2,M25,recovery
G0360,to depart,2,M30,depart
G0479,to invite in return,2,"M11,M45",return
G1340,to insist,2,"M15,T2",insist
G2694,to drag away,2,M07,away
G4085,to press down,2,"FLAG,M03,T2","down,press"
G4366,to strike,2,M35,strike
G1822,to finish/furnish,2,FLAG,finish
G4843,to embrace,2,M05,embrace
G4898,companion,2,"M44,T2",companion
G0460,without law,2,"M33,M34,T2",without
G1677,to charge,2,M26,charge
G3446,form,2,"FLAG,M12",form
G4875,to rest with,2,M33,rest
G0753,master-builder,2,"FLAG,M23",master
G3787,eye-service,2,M36,service
G4696,stain,2,M12,stain
G4806,to make alive with,2,M25,alive
G4883,to join,2,M10,join
G4961,fellow soldier,2,M44,fellow
G1837,to ring/sound out,2,"M13,M15,M42",sound
G4035,to remain,2,M34,remain
G1317,able to teach,2,"M15,T2","able,teach"
G2085,to teach heresy,2,M15,teach
G2757,empty talk,2,M14,talk
G4200,gain,2,M46,gain
G4265,to foresee/plan,2,"FLAG,M15,M17,T2","foresee,plan"
G5178,to torture,2,M03,torture
G1926,to welcome,2,M41,welcome
G4764,luxury,2,M46,luxury
H0076,boil,2,M02,boil
H8166,female goat,2,"M36,T2","female,goat"
H1350I,to redeem: relative,2,FLAG,relative
H1633B,to break bones,2,"FLAG,T2",break
H4008,rash word,2,M15,word
H4275,half,2,M24,half
H7330,lean,2,M19,lean
H8335,ministry,2,"M36,T2",ministry
H2993,brother-in-law,2,M14,brother
H5375T,to lift: journey,2,M19,lift
H6965K,to arise: guard,2,"FLAG,M30",guard
H6995,little finger,2,"M31,T2",little
H5437I,to turn: again,2,M30,turn
H2684,bosom,2,M05,bosom
H6751,to shade,2,M27,shade
H7694,queen,2,"M23,T2",queen
H1540J,to reveal: proclaim,2,"M41,T2",proclaim
H4148I,discipline: bonds,2,M19,discipline
H5362A,to strike,2,M35,strike
H7685A,to grow,2,"M23,T2",grow
H7771A,rich,2,"FLAG,T2",rich
H8281,to free,2,M38,free
H1745,silence,2,M33,silence
H1762,falling,2,M34,falling
H4168,burning,2,"M01,M02",burning
H7310,abundance,2,M46,abundance
H2436J,bosom: secret,2,M05,bosom
H7342I,broad: arrogant,2,M08,arrogant
H3350,burning,2,"M01,M02",burning
H4716,decay,2,M03,decay
H4955,burning,2,"M01,M02",burning
H5077B,to put away,2,M07,away
H5612I,scroll: read,2,"M37,T2",read
H7060,to decay,2,M03,decay
H8273,scorching,2,M02,scorching
H3538,false,1,M14,false
H6353,potter,1,FLAG,potter
H1401,mighty,1,"M23,T2",mighty
H2927,to have shade,1,M27,shade
H6562,to break,1,"FLAG,T2",break
H1678,bear,1,M23,bear
H3346,burning,1,"M01,M02",burning
H6387,half,1,M24,half
H8120,to minister,1,"M36,T2",minister
G1964,to break an oath,1,"FLAG,T2","break,oath"
G3945,to resemble,1,"M15,T2",resemble
G4885,to grow together,1,"FLAG,M23,T2","grow,together"
G5133,money lender,1,M28,money
G6064,household,1,"FLAG,T2",household
G1998,to run together,1,"FLAG,T2",together
G2775,to strike a head,1,M35,strike
G6046,to burden,1,M36,burden
G0063,to live outside,1,"M25,T2",live
G0879,to fall sleep,1,"M02,T2",fall
G1232,to report,1,"M22,M41",report
G1281,to gain in trade,1,M46,gain
G1669,to have/cause sores,1,"M07,M17,M26,M35",cause
G4093,little tablet,1,"M31,T2",little
G4321,to expend,1,"FLAG,T2",expend
G4940,to meet with,1,M37,meet
G4827,fellow disciple,1,M44,fellow
G0267,without witness,1,"M33,M34,T2","without,witness"
G0369,without objection,1,"M33,M34,T2",without
G0748,high-priestly,1,"M08,T2",high
G2417,temple robber,1,M27,temple
G3511,temple guard,1,"FLAG,M27,M30","guard,temple"
G3944,to pass by,1,FLAG,pass
G4031,in control of,1,M19,control
G4062,to drive insane,1,M16,insane
G4330,to permit,1,M11,permit
G4345,to join,1,M10,join
G4919,to break,1,"FLAG,T2",break
G5039,clear proof,1,M12,clear
G9315,to join in making an attack,1,M10,join
G2416,to despoil a temple,1,M27,temple
G2418,to minister,1,"M36,T2",minister
G4888,to glory with,1,M22,glory
G0077,free,1,M38,free
G2341,to fight beasts,1,M35,fight
G3134,"Come, Lord!",1,"M23,T2",lord
G3750,sense of smell,1,M15,sense
G0100,abundance,1,M46,abundance
G1550,to expend,1,"FLAG,T2",expend
G1981,to rest upon/dwell,1,"M33,T2","dwell,rest"
G2426,sufficiency,1,M15,sufficiency
G4943,to join in helping,1,M10,join
G5570,false apostle,1,M14,false
G0112,without God,1,"M33,M34,T2",without
G3823,struggle,1,M34,struggle
G4847,fellow citizen,1,"M44,T2","citizen,fellow"
G0170,to lack opportunity,1,FLAG,lack
G4853,fellow countryman,1,M44,fellow
G0405,slave-trader,1,"M36,M44",slave
G3443,to leave alone,1,M11,leave
G3580,to show hospitality,1,"M05,M21","hospitality,show"
G0035,without genealogy,1,"M33,M34,T2",without
G0119,struggle,1,M34,struggle
G2031,a word,1,M15,word
G4181,little by little,1,"M31,T2",little
G4187,in many ways,1,FLAG,many
G4520,Sabbath rest,1,M33,rest
G4901,to testify with,1,M13,testify
G1463,to clothe oneself,1,FLAG,oneself
G4850,fellow elder,1,M44,fellow
G5277,to leave behind,1,M11,leave
G0261,ignorant,1,M15,ignorant
G0990,a look,1,"M18,M30,T2",look
G1306,to shine through,1,T2,shine
G4500,with a roar,1,M42,roar
G5077,to turn to ashes,1,"M30,T2","ashes,turn"
G5572,false teacher,1,M14,false
G1363,to double,1,"M20,T2",double
G2256,half an hour,1,M24,half
H2056,child,1,M05,child
H6626,to break,1,"FLAG,T2",break
H4229B,to strike,1,M35,strike
H6781B,cover,1,M38,cover
H8228,abundance,1,M46,abundance
H1574,short cubit,1,"FLAG,T2",short
H1640,to sweep away,1,M07,away
H4857,well,1,M33,well
H6544A,to lead,1,M23,lead
H6852,to depart,1,M30,depart
H2512,smooth,1,"FLAG,M14",smooth
H8670,present,1,M15,present
H3014,to thrust away,1,M07,away
H7734,to turn back,1,"M30,T2","back,turn"
H2835,little flock,1,"M31,T2",little
H5438,turn,1,M30,turn
H5252,turn,1,M30,turn
H5256,to pull away,1,M07,away
H5261,drink offering,1,"M10,T2",offering
H5412,temple servant,1,M27,temple
H5446,to bear,1,M23,bear
H5928,burnt offering,1,"M10,T2",offering
H6568,to make clear,1,M12,clear
H6841,male goat,1,"FLAG,T2","goat,male"
H7761I,to set: appoint,1,FLAG,appoint
H3054,to become a Jew,1,M30,become
H2959,to burden,1,M36,burden
H3022,toil,1,M03,toil
H3886B,to talk wildly,1,M14,talk
H4512,gain,1,M46,gain
H5420,to break,1,"FLAG,T2",break
H5607B,sufficiency,1,M15,sufficiency
H5848A,to turn aside,1,M30,"aside,turn"
H0047J,mighty: angel,1,"M23,T2",mighty
H0482,silence,1,M33,silence
H1102,to hold in,1,M23,hold
H2683,bosom,1,M05,bosom
H4269,muzzle,1,M07,muzzle
H4480B,portion,1,"FLAG,T2",portion
H6451,abundance,1,M46,abundance
H6867A,burning,1,"M01,M02",burning
H1713A,to look,1,"M18,M30,T2",look
H0541,to turn right,1,"M13,M30","right,turn"
H1971,look,1,"M18,M30,T2",look
H2123B,abundance,1,M46,abundance
H2511,smooth,1,"FLAG,M14",smooth
H2541,oppression,1,M24,oppression
H3261,to sweep away,1,M07,away
H4625,crooked place,1,"M14,T2","crooked,place"
H5432,to drive away,1,M07,away
H6417,judgment,1,"FLAG,M26,T2",judgment
H7735,to grow,1,"M23,T2",grow
H8456,to strike away,1,"M07,M35","away,strike"
H8613,burning-place,1,"M01,M02,T2","burning,place"
H6283,abundance,1,M46,abundance
H7224,first,1,"M08,T2",first
H2100I,to flow: waste away,1,M07,away
H5792,oppression,1,M24,oppression
H6836,watch,1,M06,watch
H0839,pine,1,M24,pine
H1822,destroyed,1,"M01,M27",destroyed
H3068H,The Lord,1,"M23,T2",lord
H6219,smooth,1,"FLAG,M14",smooth
H8338,to lead,1,M23,lead
H4118A,quick,1,M02,quick
H7213,to rise,1,M08,rise
G3363,lest/so that... not,0,T2,lest
G2547,and from there,0,T2,there
