"strong","word","source"
"G0090","chaste","lsj"
"G0090","imperishable","lsj"
"G0090","incorruptibility","meaning_tree"
"G0090","incorruptible","lsj"
"G0090","integrity","meaning_tree;mounce"
"G0090","not affected by decay","lsj"
"G0090","sincerity","meaning_tree;mounce"
"G0090","soundness","meaning_tree"
"G0090","uncorrupted","lsj"
"G0090","unspoilable","meaning_tree"
"G0149","awkward","lsj"
"G0149","base","lsj"
"G0149","base actions","lsj"
"G0149","causing shame","lsj"
"G0149","deformed","lsj;meaning_tree"
"G0149","disgrace","lsj"
"G0149","disgraceful","meaning_tree;mounce"
"G0149","dishonorable","meaning_tree"
"G0149","dishonour","lsj"
"G0149","dishonouring","lsj"
"G0149","ill-favoured","lsj"
"G0149","ill-suited","lsj"
"G0149","indecent","meaning_tree"
"G0149","reproachful","lsj"
"G0149","shameful","lsj;meaning_tree;mounce"
"G0149","shamefully","lsj"
"G0149","ugly","lsj"
"G0149","vice","lsj"
"G0149","vile","meaning_tree"
"G0149","with an ugly","lsj"
"G0158","an author","meaning_tree"
"G0158","basis","mounce"
"G0158","causative","meaning_tree"
"G0158","cause","lsj"
"G0158","causer","meaning_tree"
"G0158","culpable","lsj"
"G0158","mainly instrumental in causing","lsj"
"G0158","responsible","lsj"
"G0158","responsible for","lsj"
"G0158","source","mounce"
"G0158","the accused","lsj"
"G0158","the cause of","lsj"
"G0158","the culprit","lsj"
"G0158","the most guilty","lsj"
"G0158","they who have sinned against","lsj"
"G0158","to","lsj"
"G0168","ceremonially unclean","lsj"
"G0168","containing impurities","lsj"
"G0168","foul","lsj"
"G0168","impure","lsj"
"G0168","morally unclean","lsj"
"G0168","not fit for cleansing","lsj"
"G0168","not sifted","lsj"
"G0168","notpurgedaway","lsj"
"G0168","quae menstrua non habet","lsj"
"G0168","thou beast","lsj"
"G0168","uncleanness","meaning_tree;mounce"
"G0168","uncleansed","lsj"
"G0168","unpruned","lsj"
"G0168","unpurged","lsj"
"G0168","unpurified","lsj"
"G0445","to be proconsul","lsj;meaning_tree;mounce"
"G0566","abstain","lsj"
"G0566","abstain from","lsj"
"G0566","abstain from ravaging","lsj"
"G0566","as farfrom","lsj"
"G0566","avoid","meaning_tree;mounce"
"G0566","away","lsj"
"G0566","debars","lsj"
"G0566","desist from","lsj"
"G0566","differ from","lsj"
"G0566","extend","lsj"
"G0566","failing","lsj"
"G0566","far from","lsj"
"G0566","from","lsj"
"G0566","have","lsj"
"G0566","hinders","lsj"
"G0566","hold one's","lsj"
"G0566","hold oneself off","lsj"
"G0566","in full","lsj"
"G0566","is it from the thoughts of","lsj"
"G0566","is wanting","lsj"
"G0566","it is enough","lsj;meaning_tree"
"G0566","it sufficeth","lsj"
"G0566","keep away from","lsj"
"G0566","keep my hands off","lsj"
"G0566","keep off","lsj"
"G0566","keep off or away from","lsj"
"G0566","middle ) to abstain","meaning_tree"
"G0566","middle) to abstain","mounce"
"G0566","off or away from","lsj"
"G0566","pa","lsj"
"G0566","parts","lsj"
"G0566","project","lsj"
"G0566","prominent parts","lsj"
"G0566","receive","lsj"
"G0566","receive in full","lsj"
"G0566","refrain oneself","lsj"
"G0566","to abstain from","meaning_tree"
"G0566","to be as far","lsj"
"G0566","to be away","lsj"
"G0566","to be distant","meaning_tree;mounce"
"G0566","to be estranged","meaning_tree"
"G0566","to be far from","lsj"
"G0566","to be far remoued from","lsj"
"G0566","to have altogether","meaning_tree"
"G0566","were","lsj"
"G0567","abstain","lsj"
"G0567","abstain from","lsj"
"G0567","abstain from ravaging","lsj"
"G0567","as farfrom","lsj"
"G0567","away","lsj"
"G0567","debars","lsj"
"G0567","desist from","lsj"
"G0567","differ from","lsj"
"G0567","extend","lsj"
"G0567","failing","lsj"
"G0567","far from","lsj"
"G0567","from","lsj"
"G0567","have","lsj"
"G0567","hinders","lsj"
"G0567","hold one's","lsj"
"G0567","hold oneself off","lsj"
"G0567","in full","lsj"
"G0567","is it from the thoughts of","lsj"
"G0567","is wanting","lsj"
"G0567","it is enough","lsj"
"G0567","it sufficeth","lsj"
"G0567","keep away from","lsj;meaning_tree"
"G0567","keep my hands off","lsj"
"G0567","keep off","lsj"
"G0567","keep off or away from","lsj"
"G0567","off or away from","lsj"
"G0567","pa","lsj"
"G0567","parts","lsj"
"G0567","project","lsj"
"G0567","prominent parts","lsj"
"G0567","receive","lsj"
"G0567","receive in full","lsj"
"G0567","receive/be far","meaning_tree"
"G0567","refrain","meaning_tree"
"G0567","refrain oneself","lsj"
"G0567","refrain-","mounce"
"G0567","to be as far","lsj"
"G0567","to be away","lsj"
"G0567","to be far from","lsj"
"G0567","to be far remoued from","lsj"
"G0567","were","lsj"
"G1418","bad","lsj"
"G1418","destroying the good sense","lsj"
"G1418","do","lsj"
"G1418","dochruth","lsj"
"G1418","du-","lsj"
"G1418","durmanās","lsj"
"G1418","hard","lsj;meaning_tree;mounce"
"G1418","i.e. with difficulty","meaning_tree;mounce"
"G1418","increasing its bad sense","lsj"
"G1418","mis","lsj"
"G1418","tor","lsj"
"G1418","torsóttligr","lsj"
"G1418","un-","lsj"
"G1418","unlucky","lsj"
"G1510","are","lsj"
"G1510","be","lsj"
"G1510","be in existence","lsj"
"G1510","be the fact","lsj"
"G1510","came","lsj"
"G1510","censeo carthaginem esse delendam","lsj"
"G1510","consists of","lsj"
"G1510","current","lsj"
"G1510","engaged","lsj"
"G1510","ep. rom","lsj"
"G1510","exist","lsj"
"G1510","fact","lsj"
"G1510","future revenue","lsj"
"G1510","have","lsj"
"G1510","hoc est","lsj"
"G1510","import","lsj"
"G1510","in any case","lsj"
"G1510","in being","lsj"
"G1510","in fact","lsj"
"G1510","in its essence","lsj"
"G1510","in office","lsj"
"G1510","in reality","lsj"
"G1510","is","lsj"
"G1510","is and has always been","lsj"
"G1510","is made up of","lsj"
"G1510","is matter of","lsj"
"G1510","it appears is","lsj"
"G1510","it depends","lsj"
"G1510","it fared","lsj"
"G1510","it is","lsj"
"G1510","it is in the class of","lsj"
"G1510","it is possible","lsj"
"G1510","last","lsj"
"G1510","let it be granted","lsj"
"G1510","lived","lsj"
"G1510","living","lsj"
"G1510","local","lsj"
"G1510","might continue in being","lsj"
"G1510","mind","lsj"
"G1510","necessarily","lsj"
"G1510","no one","lsj"
"G1510","of being","lsj"
"G1510","part","lsj"
"G1510","pass","lsj"
"G1510","posterity","lsj"
"G1510","property","lsj"
"G1510","quantum in illis esset","lsj"
"G1510","real","lsj"
"G1510","really is","lsj"
"G1510","requires","lsj"
"G1510","right","lsj"
"G1510","signify","lsj"
"G1510","some","lsj"
"G1510","sum","lsj"
"G1510","that be","lsj"
"G1510","the case","lsj"
"G1510","the essential nature","lsj"
"G1510","there was","lsj"
"G1510","those who are","lsj"
"G1510","tis","lsj"
"G1510","to be","lsj"
"G1510","to be about to","lsj"
"G1510","to be at the mercy of","lsj"
"G1510","to be constructed","lsj"
"G1510","to be de pendent upon","lsj"
"G1510","to be engaged","lsj"
"G1510","to be in hand","lsj"
"G1510","to be occupied about","lsj"
"G1510","to be of the party of","lsj"
"G1510","to be sprung","lsj"
"G1510","to bear","lsj"
"G1510","to do","lsj"
"G1510","to happen","lsj"
"G1510","to pass","lsj"
"G1510","to reach","lsj"
"G1510","to suit","lsj"
"G1510","true","lsj"
"G1510","truth","lsj"
"G1510","twould be","lsj"
"G1510","was","lsj"
"G1510","was there","lsj"
"G1510","were","lsj"
"G1510","will go on","lsj"
"G1510","world of things","lsj"
"G1510","you are one of","lsj"
"G20125","to be deprived of children","lsj"
"G20258","weighing two talents","lsj"
"G20258","worth two talents","lsj;meaning_tree;mounce"
"G2071","- will be","meaning_tree;mounce"
"G2071","are","lsj"
"G2071","be","lsj"
"G2071","be in existence","lsj"
"G2071","be the fact","lsj"
"G2071","came","lsj"
"G2071","censeo carthaginem esse delendam","lsj"
"G2071","consists of","lsj"
"G2071","current","lsj"
"G2071","engaged","lsj"
"G2071","ep. rom","lsj"
"G2071","exist","lsj"
"G2071","fact","lsj"
"G2071","future revenue","lsj"
"G2071","have","lsj"
"G2071","hoc est","lsj"
"G2071","import","lsj"
"G2071","in any case","lsj"
"G2071","in being","lsj"
"G2071","in fact","lsj"
"G2071","in its essence","lsj"
"G2071","in office","lsj"
"G2071","in reality","lsj"
"G2071","is","lsj"
"G2071","is and has always been","lsj"
"G2071","is made up of","lsj"
"G2071","is matter of","lsj"
"G2071","it appears is","lsj"
"G2071","it depends","lsj"
"G2071","it fared","lsj"
"G2071","it is","lsj"
"G2071","it is in the class of","lsj"
"G2071","it is possible","lsj"
"G2071","last","lsj"
"G2071","let it be granted","lsj"
"G2071","lived","lsj"
"G2071","living","lsj"
"G2071","local","lsj"
"G2071","might continue in being","lsj"
"G2071","mind","lsj"
"G2071","necessarily","lsj"
"G2071","no one","lsj"
"G2071","of being","lsj"
"G2071","part","lsj"
"G2071","pass","lsj"
"G2071","posterity","lsj"
"G2071","property","lsj"
"G2071","quantum in illis esset","lsj"
"G2071","real","lsj"
"G2071","really is","lsj"
"G2071","requires","lsj"
"G2071","right","lsj"
"G2071","signify","lsj"
"G2071","some","lsj"
"G2071","sum","lsj"
"G2071","that be","lsj"
"G2071","the case","lsj"
"G2071","the essential nature","lsj"
"G2071","there was","lsj"
"G2071","those who are","lsj"
"G2071","tis","lsj"
"G2071","to be","lsj"
"G2071","to be about to","lsj"
"G2071","to be at the mercy of","lsj"
"G2071","to be constructed","lsj"
"G2071","to be de pendent upon","lsj"
"G2071","to be engaged","lsj"
"G2071","to be in hand","lsj"
"G2071","to be occupied about","lsj"
"G2071","to be of the party of","lsj"
"G2071","to be sprung","lsj"
"G2071","to bear","lsj"
"G2071","to do","lsj"
"G2071","to happen","lsj"
"G2071","to pass","lsj"
"G2071","to reach","lsj"
"G2071","to suit","lsj"
"G2071","true","lsj"
"G2071","truth","lsj"
"G2071","twould be","lsj"
"G2071","was","lsj"
"G2071","was there","lsj"
"G2071","were","lsj"
"G2071","will go on","lsj"
"G2071","world of things","lsj"
"G2071","you are one of","lsj"
"G20833","desire","lsj;meaning_tree;mounce"
"G20833","long for","lsj;meaning_tree;mounce"
"G21401","be inundated","meaning_tree;mounce"
"G21401","exert pressure","lsj"
"G21401","fall","lsj"
"G21401","fall heavily","lsj"
"G21401","heavy upon","lsj"
"G21401","in full weight","lsj"
"G21401","press down","lsj"
"G21401","press home","lsj"
"G21401","press on","lsj"
"G21401","pressed closely","lsj"
"G21401","thronged","lsj"
"G21401","weigh down","lsj"
"G21410","be white","meaning_tree;mounce"
"G21410","clad in white","lsj"
"G21410","to be colourless","lsj"
"G21410","to be white","lsj"
"G21415","calling for","lsj"
"G21415","desirable","lsj;meaning_tree;mounce"
"G21415","desire of","lsj"
"G21415","desired","lsj"
"G21415","desired by","lsj"
"G21415","desiring","lsj"
"G21415","full of longing","lsj"
"G21415","long more ardently","lsj"
"G21415","longed for","lsj"
"G21415","missed","lsj"
"G21415","of regret","lsj"
"G21419","an induration","lsj"
"G21419","hardness","lsj;meaning_tree;mounce"
"G21422","able","lsj"
"G21422","ever so","lsj"
"G21422","fit","lsj"
"G21422","just","lsj"
"G21422","so","lsj"
"G21422","so exceeding","lsj"
"G21422","so much","lsj"
"G21422","so very","lsj"
"G21422","such","lsj"
"G21422","such as","lsj"
"G21422","such-like","lsj;meaning_tree;mounce"
"G21422","thus","lsj"
"G21497","sin/shin","meaning_tree;mounce"
"G2468","- be thou","meaning_tree;mounce"
"G2468","are","lsj"
"G2468","be","lsj"
"G2468","be in existence","lsj"
"G2468","be the fact","lsj"
"G2468","came","lsj"
"G2468","censeo carthaginem esse delendam","lsj"
"G2468","consists of","lsj"
"G2468","current","lsj"
"G2468","engaged","lsj"
"G2468","ep. rom","lsj"
"G2468","exist","lsj"
"G2468","fact","lsj"
"G2468","future revenue","lsj"
"G2468","have","lsj"
"G2468","hoc est","lsj"
"G2468","import","lsj"
"G2468","in any case","lsj"
"G2468","in being","lsj"
"G2468","in fact","lsj"
"G2468","in its essence","lsj"
"G2468","in office","lsj"
"G2468","in reality","lsj"
"G2468","is","lsj"
"G2468","is and has always been","lsj"
"G2468","is made up of","lsj"
"G2468","is matter of","lsj"
"G2468","it appears is","lsj"
"G2468","it depends","lsj"
"G2468","it fared","lsj"
"G2468","it is","lsj"
"G2468","it is in the class of","lsj"
"G2468","it is possible","lsj"
"G2468","last","lsj"
"G2468","let it be granted","lsj"
"G2468","lived","lsj"
"G2468","living","lsj"
"G2468","local","lsj"
"G2468","might continue in being","lsj"
"G2468","mind","lsj"
"G2468","necessarily","lsj"
"G2468","no one","lsj"
"G2468","of being","lsj"
"G2468","part","lsj"
"G2468","pass","lsj"
"G2468","posterity","lsj"
"G2468","property","lsj"
"G2468","quantum in illis esset","lsj"
"G2468","real","lsj"
"G2468","really is","lsj"
"G2468","requires","lsj"
"G2468","right","lsj"
"G2468","signify","lsj"
"G2468","some","lsj"
"G2468","sum","lsj"
"G2468","that be","lsj"
"G2468","the case","lsj"
"G2468","the essential nature","lsj"
"G2468","there was","lsj"
"G2468","those who are","lsj"
"G2468","tis","lsj"
"G2468","to be","lsj"
"G2468","to be about to","lsj"
"G2468","to be at the mercy of","lsj"
"G2468","to be constructed","lsj"
"G2468","to be de pendent upon","lsj"
"G2468","to be engaged","lsj"
"G2468","to be in hand","lsj"
"G2468","to be occupied about","lsj"
"G2468","to be of the party of","lsj"
"G2468","to be sprung","lsj"
"G2468","to bear","lsj"
"G2468","to do","lsj"
"G2468","to happen","lsj"
"G2468","to pass","lsj"
"G2468","to reach","lsj"
"G2468","to suit","lsj"
"G2468","true","lsj"
"G2468","truth","lsj"
"G2468","twould be","lsj"
"G2468","was","lsj"
"G2468","was there","lsj"
"G2468","were","lsj"
"G2468","will go on","lsj"
"G2468","world of things","lsj"
"G2468","you are one of","lsj"
"G2566","a good deed","meaning_tree"
"G2566","altogether","lsj"
"G2566","auspicious","lsj"
"G2566","beauteous","lsj"
"G2566","beautiful","lsj;meaning_tree;mounce"
"G2566","beauty","lsj"
"G2566","benefit","meaning_tree"
"G2566","choice","meaning_tree"
"G2566","delightful","meaning_tree"
"G2566","deservedly","lsj"
"G2566","disposition","meaning_tree"
"G2566","distinguished","meaning_tree"
"G2566","duty","meaning_tree"
"G2566","elegancies","lsj"
"G2566","excellences","lsj"
"G2566","excellent","meaning_tree;mounce"
"G2566","fair","lsj"
"G2566","fairly","lsj"
"G2566","favor","meaning_tree"
"G2566","favourable circumstances","lsj"
"G2566","fertile","meaning_tree"
"G2566","fine","lsj;meaning_tree;mounce"
"G2566","finely","lsj"
"G2566","full","meaning_tree"
"G2566","genuine","lsj"
"G2566","good","lsj;meaning_tree;mounce"
"G2566","good time","lsj"
"G2566","goodly","meaning_tree"
"G2566","happily","lsj"
"G2566","honorable","meaning_tree"
"G2566","honour","lsj"
"G2566","honourable","lsj"
"G2566","hurrah for","lsj"
"G2566","it is pleasant","meaning_tree"
"G2566","it is profitable","meaning_tree"
"G2566","it is well","meaning_tree"
"G2566","just","lsj;meaning_tree"
"G2566","moral beauty","lsj"
"G2566","no","lsj"
"G2566","noble","lsj"
"G2566","of fine quality","lsj"
"G2566","of good quality","meaning_tree"
"G2566","on the merits of the case","lsj"
"G2566","possessing moral excellence","meaning_tree"
"G2566","profitable","meaning_tree"
"G2566","propriety","meaning_tree"
"G2566","rectitude","meaning_tree"
"G2566","respect to","lsj"
"G2566","rich","meaning_tree"
"G2566","right","lsj;meaning_tree;mounce"
"G2566","rightly","lsj"
"G2566","season","lsj"
"G2566","select","meaning_tree"
"G2566","shapely","lsj"
"G2566","specious","lsj"
"G2566","thank you","lsj"
"G2566","the proprieties","lsj"
"G2566","thoroughly","lsj"
"G2566","upright","meaning_tree"
"G2566","useful","meaning_tree"
"G2566","virtue","lsj;meaning_tree"
"G2566","virtuous","meaning_tree"
"G2566","well","lsj"
"G2566","well off in","lsj"
"G2566","well said","lsj"
"G2566","worthy","meaning_tree"
"G3166","boast","lsj;meaning_tree"
"G3166","boast of","lsj"
"G3166","brag","lsj"
"G3166","to become proud","meaning_tree"
"G3166","to boast","meaning_tree;mounce"
"G3303","another","lsj"
"G3303","at all events","lsj"
"G3303","at any rate","lsj"
"G3303","but","lsj"
"G3303","here there","meaning_tree"
"G3303","i take it","lsj"
"G3303","if it comes to that","lsj"
"G3303","indeed","lsj"
"G3303","nay","lsj"
"G3303","nay rather","lsj"
"G3303","nevertheless","lsj"
"G3303","of a truth","lsj"
"G3303","of course","lsj"
"G3303","often untranslated","meaning_tree;mounce"
"G3303","on the one hand","lsj"
"G3303","on the other hand","lsj"
"G3303","one","lsj"
"G3303","one another","meaning_tree"
"G3303","one...or the other","meaning_tree;mounce"
"G3303","only","lsj"
"G3303","partly partly","meaning_tree"
"G3303","so then","lsj"
"G3303","some others","meaning_tree"
"G3303","this that","meaning_tree"
"G3303","this time","lsj"
"G3303","was","lsj"
"G3303","well","lsj"
"G3303","why","lsj"
"G3303","yea rather","lsj"
"G3303","yet","lsj"
"G3801","and will be","mounce"
"G3801","are","lsj"
"G3801","be","lsj"
"G3801","be in existence","lsj"
"G3801","be the fact","lsj"
"G3801","came","lsj"
"G3801","censeo carthaginem esse delendam","lsj"
"G3801","consists of","lsj"
"G3801","current","lsj"
"G3801","engaged","lsj"
"G3801","ep. rom","lsj"
"G3801","exist","lsj"
"G3801","fact","lsj"
"G3801","future revenue","lsj"
"G3801","have","lsj"
"G3801","hoc est","lsj"
"G3801","i.e. the eternal","meaning_tree"
"G3801","import","lsj"
"G3801","in any case","lsj"
"G3801","in being","lsj"
"G3801","in fact","lsj"
"G3801","in its essence","lsj"
"G3801","in office","lsj"
"G3801","in reality","lsj"
"G3801","is","lsj;meaning_tree;mounce"
"G3801","is and has always been","lsj"
"G3801","is made up of","lsj"
"G3801","is matter of","lsj"
"G3801","it appears is","lsj"
"G3801","it depends","lsj"
"G3801","it fared","lsj"
"G3801","it is","lsj"
"G3801","it is in the class of","lsj"
"G3801","it is possible","lsj"
"G3801","last","lsj"
"G3801","let it be granted","lsj"
"G3801","lived","lsj"
"G3801","living","lsj"
"G3801","local","lsj"
"G3801","might continue in being","lsj"
"G3801","mind","lsj"
"G3801","necessarily","lsj"
"G3801","no one","lsj"
"G3801","of being","lsj"
"G3801","part","lsj"
"G3801","pass","lsj"
"G3801","posterity","lsj"
"G3801","property","lsj"
"G3801","quantum in illis esset","lsj"
"G3801","real","lsj"
"G3801","really is","lsj"
"G3801","requires","lsj"
"G3801","right","lsj"
"G3801","signify","lsj"
"G3801","some","lsj"
"G3801","sum","lsj"
"G3801","that be","lsj"
"G3801","the case","lsj"
"G3801","the essential nature","lsj"
"G3801","there was","lsj"
"G3801","those who are","lsj"
"G3801","tis","lsj"
"G3801","to be","lsj"
"G3801","to be about to","lsj"
"G3801","to be at the mercy of","lsj"
"G3801","to be constructed","lsj"
"G3801","to be de pendent upon","lsj"
"G3801","to be engaged","lsj"
"G3801","to be in hand","lsj"
"G3801","to be occupied about","lsj"
"G3801","to be of the party of","lsj"
"G3801","to be sprung","lsj"
"G3801","to bear","lsj"
"G3801","to do","lsj"
"G3801","to happen","lsj"
"G3801","to pass","lsj"
"G3801","to reach","lsj"
"G3801","to suit","lsj"
"G3801","true","lsj"
"G3801","truth","lsj"
"G3801","twould be","lsj"
"G3801","was","lsj"
"G3801","was there","lsj"
"G3801","were","lsj"
"G3801","who was","meaning_tree;mounce"
"G3801","will go on","lsj"
"G3801","world of things","lsj"
"G3801","you are one of","lsj"
"G4219","- interrogative adverb","mounce"
"G4219","always in the past","lsj"
"G4219","at another","lsj"
"G4219","at any time","lsj"
"G4219","at certain","lsj"
"G4219","at length","lsj"
"G4219","at one time","lsj"
"G4219","at some time","lsj"
"G4219","at what time","mounce"
"G4219","dimitte tandem aliquando","lsj"
"G4219","ever","lsj"
"G4219","from all time","lsj"
"G4219","in the world","lsj"
"G4219","once","lsj"
"G4219","once upon a time","lsj"
"G4219","other","lsj"
"G4219","possibly","lsj"
"G4219","times","lsj"
"G4219","when? at what time","lsj"
"G5224","a beginning","lsj"
"G5224","according to one's means","lsj"
"G5224","accrue","lsj"
"G5224","already existed","lsj"
"G5224","as a property","lsj"
"G5224","be","lsj"
"G5224","begin","lsj"
"G5224","beginner","lsj"
"G5224","being what it is","lsj"
"G5224","belong","lsj"
"G5224","belong to","lsj"
"G5224","current","lsj"
"G5224","exist","meaning_tree;mounce"
"G5224","exist really","lsj"
"G5224","existed","lsj"
"G5224","existing","lsj"
"G5224","existing circumstances","lsj"
"G5224","fall to","lsj"
"G5224","future resources","lsj"
"G5224","goods","meaning_tree"
"G5224","had","lsj"
"G5224","had been made","lsj"
"G5224","had used first","lsj"
"G5224","he will be on","lsj"
"G5224","it is allowed","lsj"
"G5224","it is possible","lsj"
"G5224","n.) possessions","meaning_tree;mounce"
"G5224","normal","lsj"
"G5224","original","lsj"
"G5224","originally existing","lsj"
"G5224","outside our sphere of influence","lsj"
"G5224","past record","lsj"
"G5224","positive","lsj"
"G5224","possess","meaning_tree;mounce"
"G5224","possessions","lsj;meaning_tree"
"G5224","present","lsj"
"G5224","presentadvantages","lsj"
"G5224","proper","lsj"
"G5224","property","meaning_tree"
"G5224","ready prepared","lsj"
"G5224","record","lsj"
"G5224","resources","lsj"
"G5224","rule","lsj"
"G5224","side","lsj"
"G5224","since it is allowed","lsj"
"G5224","subordinate colleague","lsj"
"G5224","subsist","meaning_tree"
"G5224","take the initiative","lsj"
"G5224","take the initiative in","lsj"
"G5224","the case stands","lsj"
"G5224","the fact is that","lsj"
"G5224","the subsistence","lsj"
"G5224","there is","lsj"
"G5224","there is in store","lsj"
"G5224","this being granted","lsj"
"G5224","to be","lsj;meaning_tree;mounce"
"G5224","to be already in existence","lsj"
"G5224","to be devoted to","lsj"
"G5224","to be laid down","lsj"
"G5224","to be taken for granted","lsj"
"G5224","to be the begining","lsj"
"G5224","to be the descendant of","lsj"
"G5224","to begin","meaning_tree"
"G5224","to belong","meaning_tree"
"G5224","to exist","meaning_tree"
"G5224","to have","meaning_tree;mounce"
"G5224","to what was done for him","lsj"
"G5224","to which we do","lsj"
"G5224","under the circumstances","lsj"
"G5224","was already there","lsj"
"G5224","was possible","lsj"
"G5224","which has been incurred","lsj"
"G5224","will have","lsj"
"G5224","will have predicates","lsj"
"G6023","become discouraged","meaning_tree;mounce"
"G6023","behave remissly in","lsj"
"G6023","culpably omitted","lsj"
"G6023","to lose heart","meaning_tree;mounce"
"G6028","admire","lsj"
"G6028","attendance","lsj"
"G6028","comply with","lsj"
"G6028","for","lsj"
"G6028","honour","lsj"
"G6028","marks of respect","lsj"
"G6028","marvel","lsj"
"G6028","marvel at","lsj"
"G6028","marvelled at","lsj"
"G6028","say with astonishment","lsj"
"G6028","to be admired","lsj"
"G6028","to receive","lsj"
"G6028","to show respect to","lsj"
"G6028","to wonder","lsj"
"G6028","to wonder at","lsj"
"G6028","wonder","lsj"
"G6028","wonder at","lsj"
"G6028","wonder at the fact that","lsj"
"G6028","wonder if","lsj"
"G6028","wonder that","lsj"
"G6028","worship","lsj"
"G6041","ambitions","lsj"
"G6041","eager rivalry","lsj"
"G6041","emulation","lsj"
"G6041","emulous desire","lsj"
"G6041","fervour","lsj"
"G6041","glory","lsj"
"G6041","honour","lsj"
"G6041","indignation","lsj"
"G6041","interests","lsj"
"G6041","jealousy","lsj"
"G6041","passion","lsj"
"G6041","pride","lsj"
"G6041","rivalry","lsj"
"G6041","spirit","lsj"
"G6041","style","lsj"
"G6041","tastes","lsj"
"G6041","to envy","meaning_tree;mounce"
"G6041","zeal","lsj"
"G6041","zeal for","lsj"
"G6041","zealous","meaning_tree;mounce"
"G6050","bless","lsj"
"G6050","curse","lsj"
"G6050","deliver a panegyric upon","lsj"
"G6050","honour","lsj"
"G6050","praise","lsj"
"G6050","speak well of","lsj"
"G6050","to bless","meaning_tree;mounce"
"G6073","gentleness","meaning_tree;mounce"
"G6073","gentleness of temper","lsj"
"G6073","meekness","meaning_tree;mounce"
"G6103","admitting of no help","lsj"
"G6103","fatal","lsj"
"G6103","helpless","lsj"
"G6103","incurable","lsj;meaning_tree;mounce"
"G6103","unhelpful","lsj"
"G6103","unserviceable","lsj"
"G6103","useless","lsj"
"G6103","without remedy","lsj"
"G6107","do good to","lsj"
"G6107","make good","lsj"
"G6107","to do good","meaning_tree;mounce"
"G6108","adorn","lsj"
"G6108","be better","meaning_tree;mounce"
"G6108","cheer","lsj"
"G6108","do good","lsj;meaning_tree;mounce"
"G6108","do good to","lsj"
"G6108","do well","lsj"
"G6108","honour","lsj"
"G6108","magnify","lsj"
"G6108","make beneficent","lsj"
"G6108","make good","lsj"
"G6108","rejoice greatly","lsj"
"G6108","to be of good cheer","lsj"
"G6110","transport of joy","lsj"
"G6124","be wild","meaning_tree;mounce"
"G6124","become wild","lsj"
"G6124","chafe","lsj"
"G6124","inflamed","lsj"
"G6124","irritate","lsj"
"G6124","make angry","lsj"
"G6124","provoke","lsj"
"G6124","provoked","lsj"
"G6124","to be","lsj"
"G6124","to be angered","lsj"
"G6124","to be angry","lsj"
"G6124","with","lsj"
"G6131","be disinherited","meaning_tree;mounce"
"G6131","do a kinsman's office","lsj"
"G6131","enter upon","lsj"
"G6131","heir-at-law","lsj"
"G6131","marry","lsj"
"G6131","near","lsj"
"G6131","nu","lsj"
"G6131","to be excluded by descent","lsj"
"G6131","to be next","lsj"
"G6131","to be next of kin","lsj"
"G6139","meditate","lsj"
"G6139","prate","lsj"
"G6139","talk","lsj"
"G6139","talk idly","lsj"
"G6139","to meditate","meaning_tree;mounce"
"G6140","conversation","lsj"
"G6140","garrulity","lsj"
"G6140","keenness","lsj"
"G6140","meditation","meaning_tree;mounce"
"G6140","prating","lsj"
"G6140","subtlety","lsj"
"G6140","talk","lsj"
"G6141","be despised","meaning_tree;mounce"
"G6141","be in ill repute","lsj"
"G6141","hold in no esteem","lsj"
"G6141","in contempt","lsj"
"G6141","to be held in no esteem","lsj"
"G6149","faithlessness","lsj"
"G6149","fickleness","lsj"
"G6149","rebellion","meaning_tree;mounce"
"G6156","exciting shame","lsj"
"G6156","fear","lsj"
"G6156","feel regard for","lsj"
"G6156","from a sense of shame","lsj"
"G6156","have compassion upon","lsj"
"G6156","holy","lsj"
"G6156","misfortune","lsj"
"G6156","obtain forgiveness","lsj"
"G6156","phdr","lsj"
"G6156","regarding","lsj"
"G6156","respect","lsj"
"G6156","reverently","lsj"
"G6156","self-respect","lsj"
"G6156","show a sense of regard","lsj"
"G6156","show mercy","lsj"
"G6156","stand in awe of","lsj"
"G6156","to be ashamed","lsj"
"G6156","to be reconciled to","lsj"
"G6156","venerable","lsj"
"G6165","fame","lsj"
"G6165","praise","lsj;meaning_tree;mounce"
"G6177","guilelessness","lsj"
"G6177","innocence","meaning_tree;mounce"
"G6185","be discouraged","meaning_tree;mounce"
"G6185","to be careless","lsj"
"G6185","to be exhausted","lsj"
"G6185","weary","lsj"
"G6215","banished","lsj"
"G6215","be a runaway","meaning_tree;mounce"
"G6215","be perplexed","lsj"
"G6215","miss","lsj"
"G6215","roam","lsj"
"G6215","to be outcast","lsj"
"G6215","wander","lsj"
"G6215","wander away from","lsj"
"G6215","wander in mind","lsj"
"G6215","wander over","lsj"
"G6221","an anointing","meaning_tree;mounce"
"G6221","anything used for anointing","lsj"
"G6221","fat","lsj"
"G6221","oil","lsj"
"G6221","unguent","lsj"
"G6285","appeal to","lsj"
"G6285","back","lsj"
"G6285","call","lsj"
"G6285","call again and again","lsj"
"G6285","call back","lsj"
"G6285","call on","lsj"
"G6285","call to","lsj"
"G6285","call to oneself","lsj"
"G6285","call up","lsj"
"G6285","call up the dead","lsj"
"G6285","cite","lsj"
"G6285","dost thou call upon","lsj"
"G6285","famed as","lsj"
"G6285","invoke again","lsj"
"G6285","invoke again and again","lsj"
"G6285","make good","lsj"
"G6285","proclaimed","lsj"
"G6285","rally","lsj"
"G6285","recall","lsj"
"G6285","recollect oneself","lsj"
"G6285","restore to health","lsj"
"G6285","send for","lsj"
"G6285","sound a retreat","lsj"
"G6285","summon","lsj"
"G6285","to heel","lsj"
"G6297","be fatigued","meaning_tree;mounce"
"G6297","draw up","lsj"
"G6297","exhaust","lsj"
"G6297","go patiently through","lsj"
"G6297","out","lsj"
"G6300","abroad","lsj"
"G6300","barefaced","lsj"
"G6300","be effronted","meaning_tree;mounce"
"G6300","brazen","lsj"
"G6300","display","lsj"
"G6300","having shed","lsj"
"G6300","impudent","lsj"
"G6300","in the open air","lsj"
"G6300","lie open","lsj"
"G6300","lies open","lsj"
"G6300","open","lsj"
"G6300","sprawling on its back","lsj"
"G6300","spread out","lsj"
"G6300","throw wide","lsj"
"G6300","to be open","lsj"
"G6300","unfold","lsj"
"G6306","not to be turned away","lsj"
"G6326","brave deeds","lsj"
"G6326","courage","meaning_tree;mounce"
"G6326","courageous","meaning_tree;mounce"
"G6326","hardihood","lsj"
"G6326","insolence","lsj"
"G6326","manliness","lsj"
"G6326","manly spirit","lsj"
"G6326","may","lsj"
"G6326","membrum virile","lsj"
"G6326","skill","lsj"
"G6345","incorrigible","lsj"
"G6345","incurable","lsj;meaning_tree;mounce"
"G6345","irretrievable","meaning_tree;mounce"
"G6345","unavailing","lsj"
"G6347","without strength","lsj;meaning_tree;mounce"
"G6354","hear in turn","lsj"
"G6354","listen in return","lsj"
"G6381","plausible","lsj"
"G6381","sufficient for","lsj"
"G6381","trustworthy","lsj"
"G6381","worthy of trust","meaning_tree;mounce"
"G6396","behave with effrontery","lsj"
"G6396","put away shame","lsj"
"G6396","to cast shame","meaning_tree;mounce"
"G6410","impure","lsj;meaning_tree;mounce"
"G6410","unpurified","lsj"
"G6441","off","lsj"
"G6441","take the","lsj"
"G6443","bewail much","lsj"
"G6443","bewail one/s","lsj"
"G6443","cease to wail","lsj"
"G6443","mourn deeply for","lsj"
"G6443","to weep","meaning_tree;mounce"
"G6443","weep aloud","lsj"
"G6452","be mute","meaning_tree;mounce"
"G6452","become deaf","lsj;meaning_tree;mounce"
"G6461","alienate oneself from","lsj"
"G6461","are","lsj"
"G6461","banish from","lsj"
"G6461","be averse from","lsj"
"G6461","become disused to","lsj"
"G6461","deny that","lsj"
"G6461","disguise oneself","lsj"
"G6461","drive from house and home","lsj"
"G6461","drive into exile","lsj"
"G6461","estrange","lsj"
"G6461","from","lsj"
"G6461","live away from home","lsj"
"G6461","migrate","lsj"
"G6461","outlandish","lsj"
"G6461","to be convicted of","lsj"
"G6461","to be estranged","meaning_tree;mounce"
"G6461","wean","lsj"
"G6485","a broken branch","meaning_tree;mounce"
"G6485","a detached portion","lsj"
"G6485","a piece","lsj"
"G6485","avulsion","lsj"
"G6485","branch","lsj"
"G6485","division of a tribe","lsj"
"G6485","particle","lsj"
"G6485","rag","lsj"
"G6485","shred","lsj"
"G6485","tearing apart","lsj"
"G6485","that which is torn off","lsj"
"G6493","a bend","lsj"
"G6493","amusement","lsj"
"G6493","apostrophe","lsj"
"G6493","aversion","lsj"
"G6493","diversion","lsj"
"G6493","elision","lsj"
"G6493","escape","lsj"
"G6493","means for getting","lsj"
"G6493","one turns away from all others to one","lsj"
"G6493","recourse","lsj"
"G6493","refuge","lsj"
"G6493","refuge with","lsj"
"G6493","rejection","meaning_tree;mounce"
"G6493","resort","lsj"
"G6493","returning","meaning_tree;mounce"
"G6493","submission","meaning_tree;mounce"
"G6493","turning","meaning_tree;mounce"
"G6493","turning away from","lsj"
"G6493","turning back","lsj"
"G6493","twisting","lsj"
"G6522","imprecate","lsj"
"G6522","invoke","lsj"
"G6522","oath","meaning_tree;mounce"
"G6522","pray","lsj"
"G6522","pray for","lsj"
"G6522","pray to","lsj"
"G6522","prayed","lsj"
"G6522","praying","lsj"
"G6522","to curse","lsj;meaning_tree;mounce"
"G6522","to have prayed","lsj"
"G6522","to make an","meaning_tree;mounce"
"G6522","vow","lsj"
"G6522","would pray","lsj"
"G6530","a lion-like person","meaning_tree;mounce"
"G6542","be ill","meaning_tree;mounce"
"G6542","infirm","meaning_tree;mounce"
"G6542","to be unwell","lsj"
"G6589","be barren","meaning_tree;mounce"
"G6589","childless","meaning_tree;mounce"
"G6589","make childless","lsj"
"G6589","to be barren","lsj"
"G6596","be in adversity","meaning_tree;mounce"
"G6596","fail","lsj"
"G6596","fail in getting","lsj"
"G6596","fail in one's request","lsj"
"G6596","fail of","lsj"
"G6596","failures","lsj"
"G6596","meet with a refusal","lsj"
"G6596","miscarry","lsj"
"G6596","mischances","lsj"
"G6596","to be unfortunate","lsj;meaning_tree;mounce"
"G6629","act foolishly","lsj"
"G6629","be unwise","meaning_tree;mounce"
"G6629","make foolish","lsj"
"G6629","to be silly","lsj"
"G6629","vain","lsj"
"G6656","be weighed down","meaning_tree;mounce"
"G6656","indignant","lsj"
"G6656","to be weighed down to be melancholy","lsj"
"G6657","heavy","lsj"
"G6657","heavy-hearted","meaning_tree;mounce"
"G6657","slow of heart","lsj"
"G6662","abomination","lsj;meaning_tree;mounce"
"G6697","avena barbata","lsj"
"G6697","avena sativa","lsj"
"G6697","groaning","meaning_tree;mounce"
"G6697","oats","lsj"
"G6697","wild oats","lsj"
"G6772","be naked","meaning_tree;mounce"
"G6772","be stripped naked","lsj"
"G6772","defenceless","lsj"
"G6772","deprived of","lsj"
"G6772","lamb","lsj"
"G6772","lay aside","lsj"
"G6772","lay bare","lsj"
"G6772","strip","lsj"
"G6772","strip naked","lsj"
"G6772","strip oneself","lsj"
"G6772","stripped himself","lsj"
"G6772","to be exposed","lsj"
"G6772","to be stripped","lsj"
"G6772","was left bare","lsj"
"G6786","anxious","lsj"
"G6786","be in awe","meaning_tree;mounce"
"G6786","dread","lsj"
"G6786","fear","lsj"
"G6786","fear to do","lsj"
"G6786","flee from","lsj"
"G6786","one's fearing","lsj"
"G6786","to be alarmed","lsj"
"G6791","arbitrary","lsj"
"G6791","awe","lsj"
"G6791","awful","lsj;meaning_tree;mounce"
"G6791","be indignant at","lsj"
"G6791","clever","lsj"
"G6791","complain of","lsj"
"G6791","danger","lsj"
"G6791","dangerous","lsj"
"G6791","dire","lsj"
"G6791","exceedingly","lsj"
"G6791","fear","lsj"
"G6791","fearful","lsj"
"G6791","forcible","lsj"
"G6791","greatest danger","lsj"
"G6791","have strange power","lsj"
"G6791","horror","lsj"
"G6791","illegal","lsj"
"G6791","make complaints","lsj"
"G6791","marvellous","lsj"
"G6791","marvellously","lsj"
"G6791","marvellously strong","lsj"
"G6791","mighty","lsj"
"G6791","over-clever","lsj"
"G6791","powerful","lsj"
"G6791","practical ability","lsj"
"G6791","skilful","lsj"
"G6791","strange","lsj"
"G6791","suffering","lsj"
"G6791","take ill","lsj"
"G6791","terrible","lsj"
"G6791","terror","lsj"
"G6791","vehement","lsj"
"G6791","wonderfully liable","lsj"
"G6791","wondrous","lsj"
"G6802","be master","meaning_tree;mounce"
"G6802","gain the mastery","lsj"
"G6802","lord it over","lsj"
"G6802","make oneself master of","lsj"
"G6802","master","lsj"
"G6802","master of","lsj"
"G6802","own","lsj"
"G6802","to be dominant","lsj"
"G6802","to be lord","lsj"
"G6802","to be the legal proprietor","lsj"
"G6804","be second","meaning_tree;mounce"
"G6804","to be next best to","lsj"
"G6804","to be second","lsj"
"G6804","to play second to","lsj"
"G6882","distortion","lsj"
"G6882","distraction","lsj"
"G6882","madness","lsj"
"G6882","perverseness","meaning_tree;mounce"
"G6882","perversion","lsj"
"G6882","tergiversation","lsj"
"G6882","twisting","lsj"
"G6893","avoid","lsj"
"G6893","be overawed","meaning_tree;mounce"
"G6893","deter from","lsj"
"G6893","divert","meaning_tree;mounce"
"G6893","do away with","lsj"
"G6893","overthrow","lsj"
"G6893","perplexed","lsj"
"G6893","pervert","lsj"
"G6893","refuse to face","lsj"
"G6893","to be confounded","lsj"
"G6893","to be overawed by","lsj"
"G6893","turn aside from one's purpose","lsj"
"G6893","turn away","lsj"
"G6928","court of justice","lsj;meaning_tree;mounce"
"G6928","office of the governor","lsj"
"G6928","the court","lsj"
"G6928","the judges","lsj"
"G6948","be cloven","meaning_tree;mounce"
"G6948","divide","lsj"
"G6957","deceit","lsj;meaning_tree;mounce"
"G6957","subtlety","lsj"
"G6975","be in power","meaning_tree;mounce"
"G6975","be powerful","lsj"
"G6975","be prevalent","lsj"
"G6975","hold power","lsj"
"G6975","influential","lsj"
"G6975","lordship","lsj"
"G6975","potent","lsj"
"G6975","prevail","lsj"
"G6975","to be concerned with powers","lsj"
"G6975","to be influential","lsj"
"G6975","to be lord over","lsj"
"G6975","to be ruled","lsj"
"G6980","hard of hearing","lsj;meaning_tree;mounce"
"G7013","pride oneself on","lsj"
"G7013","to boast of","meaning_tree;mounce"
"G7025","be angry","meaning_tree;mounce"
"G7025","to be indignant at","lsj"
"G7027","exercise control over","lsj"
"G7027","to be master of","lsj"
"G7050","a figure like","lsj"
"G7050","compare","lsj"
"G7050","describe by a comparison","lsj"
"G7050","estimate","lsj"
"G7050","form a conjecture","lsj"
"G7050","infer from comparison","lsj"
"G7050","like","lsj"
"G7050","liken","lsj"
"G7050","likeness","lsj"
"G7050","made","lsj"
"G7050","make a guess","lsj"
"G7050","one can guess","lsj"
"G7050","painted to the life","lsj"
"G7050","portray","lsj"
"G7050","represent by an image","lsj"
"G7050","resemble","lsj"
"G7050","to be like","lsj"
"G7050","to imagine","meaning_tree;mounce"
"G7099","appeal against","lsj"
"G7099","call forth","lsj"
"G7099","call on","lsj"
"G7099","call out","lsj"
"G7099","call out to oneself","lsj"
"G7099","crave speech of","lsj"
"G7099","demand","lsj"
"G7099","elicit","lsj"
"G7099","entice","lsj"
"G7099","forth","lsj"
"G7099","numina","lsj"
"G7099","provoke to battle","lsj"
"G7099","refer","lsj"
"G7099","require","lsj"
"G7099","summon forth","lsj"
"G7099","to","lsj"
"G7099","to be provoked","lsj"
"G7099","to call forth","meaning_tree;mounce"
"G7114","craving","meaning_tree;mounce"
"G7114","exceeding hunger","lsj"
"G7114","faintness","lsj"
"G7115","compute","lsj"
"G7115","consider","lsj"
"G7115","reckon","lsj"
"G7115","reckon on","lsj"
"G7115","reckon up","lsj"
"G7115","reflect on","lsj"
"G7115","relate in detail","lsj"
"G7115","to be calculated","lsj"
"G7121","defile","lsj"
"G7121","ejaculate semen","lsj"
"G7121","pollute thoroughly","lsj"
"G7121","to thoroughly defile","meaning_tree;mounce"
"G7124","be offered freely","lsj"
"G7124","be willing","meaning_tree;mounce"
"G7124","offer","lsj"
"G7124","to","meaning_tree;mounce"
"G7124","volunteer","meaning_tree;mounce"
"G7140","be torn from","meaning_tree;mounce"
"G7140","become dissolute","lsj"
"G7140","break","lsj"
"G7140","break off","lsj"
"G7140","break out","lsj"
"G7140","break out into passionate words","lsj"
"G7140","break out with","lsj"
"G7140","broke off","lsj"
"G7140","broke out","lsj"
"G7140","burst","lsj"
"G7140","let break forth","lsj"
"G7140","precipitous","lsj"
"G7140","snap asunder","lsj"
"G7140","throw aside restraint","lsj"
"G7140","to be rent asunder","lsj"
"G7143","have the flesh stripped off","lsj"
"G7170","to defile","meaning_tree;mounce"
"G7214","are set","lsj"
"G7214","be sensitive to","lsj"
"G7214","hear","lsj"
"G7214","listen to","lsj"
"G7214","obey","lsj"
"G7214","take in","lsj"
"G7214","to be affected","lsj"
"G7214","yield to","lsj"
"G7223","calumniate","lsj"
"G7223","slander","meaning_tree;mounce"
"G7223","stand in the way as an adversary","lsj"
"G7235","be pleased with","meaning_tree;mounce"
"G7243","a thought","meaning_tree;mounce"
"G7243","argument","lsj"
"G7243","device","lsj"
"G7243","enthymeme","lsj"
"G7243","idea","meaning_tree;mounce"
"G7243","invention","lsj"
"G7243","meaning","lsj"
"G7243","piece of reasoning","lsj"
"G7243","rhetorical syllogism drawn from probable premises","lsj"
"G7243","sense","lsj"
"G7243","thought","lsj"
"G7244","any scruple","lsj"
"G7244","causes","lsj"
"G7244","full of care","lsj"
"G7244","heavy on","lsj"
"G7244","hint","lsj"
"G7244","ideas","lsj"
"G7244","inner thought","meaning_tree;mounce"
"G7244","meaning","lsj"
"G7244","much thought for","lsj"
"G7244","pricks of conscience","lsj"
"G7244","reflect","lsj"
"G7244","scruple about","lsj"
"G7244","scruples about","lsj"
"G7244","soul","lsj"
"G7244","taken to heart","lsj"
"G7244","that weighs upon thy heart","lsj"
"G7244","to heart","lsj"
"G7244","weighing upon the mind","lsj"
"G7244","wrath","lsj"
"G7255","be related","meaning_tree;mounce"
"G7255","creep in","lsj"
"G7255","introduce among","lsj"
"G7255","to be related","lsj"
"G7292","cause to sin","lsj"
"G7292","commit","lsj"
"G7292","do wrong","lsj"
"G7292","err","lsj"
"G7292","fail","lsj"
"G7292","fault","lsj"
"G7292","miss one's aim","lsj"
"G7292","miss the mark","lsj"
"G7292","to be a failure","lsj"
"G7292","to be mismanaged","lsj"
"G7301","assist","lsj"
"G7301","be enough","meaning_tree;mounce"
"G7301","content with","lsj"
"G7301","contented myself","lsj"
"G7301","could","lsj"
"G7301","enough","lsj"
"G7301","it is enough for","lsj"
"G7301","strong enough","lsj"
"G7301","succour","lsj"
"G7301","suffice","lsj"
"G7301","suffice for","lsj"
"G7301","suffices for","lsj"
"G7301","to be a match","lsj"
"G7301","to be quite enough for","lsj"
"G7301","to be satisfied","lsj"
"G7301","to be strong enough","lsj"
"G7301","was satisfied","lsj"
"G7303","be adjacent to","lsj"
"G7303","be attached to","lsj;meaning_tree;mounce"
"G7303","depend upon","lsj"
"G7303","equipped","lsj"
"G7303","furnished with","lsj"
"G7303","hang upon","lsj"
"G7303","hang upon oneself","lsj"
"G7303","having","lsj"
"G7303","hung on one","lsj"
"G7303","make dependent upon","lsj"
"G7303","stretch out","lsj"
"G7303","to be attached to","lsj"
"G7303","to be elevated","lsj"
"G7303","to be hung upon","lsj"
"G7351","contempt","lsj;meaning_tree;mounce"
"G7352","contempt","lsj;meaning_tree;mounce"
"G7353","a contemptible thing","meaning_tree;mounce"
"G7353","object of contempt","lsj"
"G7361","renew","lsj"
"G7361","revive","lsj"
"G7361","to renew","meaning_tree;mounce"
"G7376","accidents","lsj"
"G7376","be over and above","lsj"
"G7376","be present","lsj"
"G7376","be set upon","lsj"
"G7376","be used","meaning_tree;mounce"
"G7376","belong in addition","lsj"
"G7376","characteristics","lsj"
"G7376","plus","lsj"
"G7376","possession","lsj"
"G7376","remain","lsj"
"G7376","sum","lsj"
"G7376","to be added","lsj"
"G7376","to be at hand","lsj"
"G7376","to be attached","lsj"
"G7376","to be hereafter","lsj"
"G7376","to be imminent","lsj"
"G7376","to be in","lsj"
"G7376","to be set over","lsj"
"G7376","to be upon","lsj"
"G7376","to come","lsj"
"G7376","was attached","lsj"
"G7376","was taken","lsj"
"G7379","buoy up with hope","lsj"
"G7379","hope besides","lsj"
"G7379","to raise hope","meaning_tree;mounce"
"G7383","longed for","lsj;meaning_tree;mounce"
"G7383","to be longed for","lsj"
"G7396","knowledge","meaning_tree;mounce"
"G7396","prudence","lsj"
"G7405","be lenient","meaning_tree;mounce"
"G7405","to be","lsj"
"G7410","desire","lsj;meaning_tree;mounce"
"G7410","object of desire","lsj"
"G7410","yearning","lsj"
"G7411","cravings","lsj"
"G7411","desirable","meaning_tree;mounce"
"G7411","desired","lsj"
"G7411","to be desired","lsj"
"G7428","an epileptic fit","lsj"
"G7428","be possessed","meaning_tree;mounce"
"G7428","convulse","meaning_tree"
"G7428","have","lsj"
"G7435","a guest","lsj"
"G7435","appeal to thee in","lsj"
"G7435","be intimate with","lsj"
"G7435","communicated","lsj"
"G7435","dwell abroad","lsj"
"G7435","have hospitable","lsj"
"G7435","lent to","lsj"
"G7435","relations with","lsj"
"G7435","to be entertained","lsj"
"G7435","to be entertained as","lsj"
"G7435","to be on a visit","lsj"
"G7435","with","lsj"
"G7451","to have compassion","lsj"
"G7451","to show compassion","meaning_tree;mounce"
"G7454","acquaintance with","lsj"
"G7454","by profession","lsj"
"G7454","higher knowledge","meaning_tree;mounce"
"G7454","kinds of knowledge","lsj"
"G7454","knowledge","lsj"
"G7454","of knowledge","lsj"
"G7454","profession","lsj"
"G7454","professional skill","lsj"
"G7454","science","lsj"
"G7454","scientific knowledge","lsj"
"G7454","skilfully","lsj"
"G7454","skill","lsj"
"G7454","the sciences","lsj"
"G7454","understanding","lsj"
"G7471","exult over","lsj"
"G7471","joy","lsj"
"G7471","rejoice in","lsj"
"G7471","rejoice over","lsj"
"G7471","take pleasure in","lsj"
"G7471","to rejoice at","meaning_tree;mounce"
"G7474","incurring ridicule","meaning_tree;mounce"
"G7474","wherein one feels joy","lsj"
"G7474","wherein one feels malignant joy","lsj"
"G7493","a lover","lsj"
"G7493","desire","lsj"
"G7493","desire passionately","lsj"
"G7493","love","lsj"
"G7493","love warmly","lsj"
"G7493","to be in love with","lsj"
"G7493","to love passionately","meaning_tree;mounce"
"G7513","amours","lsj"
"G7513","desire","lsj"
"G7513","desire for i","lsj"
"G7513","desires","lsj"
"G7513","funeral wreath","lsj"
"G7513","love","lsj"
"G7513","love for","lsj"
"G7513","love of","lsj"
"G7513","loves","lsj"
"G7513","object of love","lsj"
"G7513","passion","meaning_tree;mounce"
"G7513","passionate joy","lsj"
"G7513","the god of love","lsj"
"G7518","be late","meaning_tree;mounce"
"G7518","to be last","lsj"
"G7518","to come too late","lsj"
"G7527","good news","meaning_tree;mounce"
"G7527","good tidings","lsj"
"G7533","approved","lsj"
"G7533","be approved","meaning_tree;mounce"
"G7533","credit","lsj"
"G7533","gain credit by","lsj"
"G7533","good repute","lsj"
"G7533","highly esteemed","lsj"
"G7533","hold in honour","lsj"
"G7533","popular","lsj"
"G7533","reputation","lsj"
"G7533","to be distinguished","lsj"
"G7533","to be genuine","lsj"
"G7533","to be highly esteemed","lsj"
"G7533","to be of good repute","lsj"
"G7533","to be recognized","lsj"
"G7533","to have influence","lsj"
"G7534","to be in good condition","lsj"
"G7548","grow luxuriantly","lsj"
"G7559","fair in outward show","lsj"
"G7559","fair of face","lsj"
"G7559","good-looking","meaning_tree;mounce"
"G7559","possessing legal personality","lsj"
"G7559","specious","lsj"
"G7559","with glad countenance","lsj"
"G7565","be moldy","meaning_tree;mounce"
"G7565","become mouldy","lsj"
"G7565","decay","lsj"
"G7565","of 'the great unwashed","lsj"
"G7565","to be","lsj"
"G7567","are favourable","lsj"
"G7567","be stable","meaning_tree;mounce"
"G7567","enjoy sound","lsj"
"G7567","enjoy tranquillity","lsj"
"G7567","rest in peace","lsj"
"G7567","stable","lsj"
"G7567","stable health","lsj"
"G7567","to be calm","lsj"
"G7567","to be steady","lsj"
"G7567","tranquil","lsj"
"G7576","be fragrant","meaning_tree;mounce"
"G7576","bouquet","lsj"
"G7576","emit a sweet","lsj"
"G7576","have a sweet savour","lsj"
"G7576","to be fragrant","lsj"
"G7589","be an enemy","meaning_tree;mounce"
"G7589","to be at enmity with","lsj"
"G7590","hatred","meaning_tree;mounce"
"G7600","envy","lsj"
"G7600","jealousy","lsj;meaning_tree;mounce"
"G7600","rivalry","lsj"
"G7601","custom","lsj"
"G7601","emulation","lsj"
"G7601","fashion","lsj"
"G7601","imitation","lsj"
"G7601","jealousy","lsj;meaning_tree;mounce"
"G7601","zealous pursuit","lsj"
"G7618","be esteemed","meaning_tree;mounce"
"G7618","consider","lsj"
"G7618","one must hold","lsj"
"G7618","one must lead","lsj"
"G7619","be delicious","meaning_tree;mounce"
"G7619","coax","lsj"
"G7619","delight","lsj;meaning_tree;mounce"
"G7619","gratify","lsj"
"G7619","make pleasant","lsj"
"G7619","season","lsj"
"G7635","be calm","meaning_tree;mounce"
"G7635","silent","lsj"
"G7635","to be still","lsj"
"G7643","magnify","lsj"
"G7643","to be regarded as a marvel","lsj"
"G7643","to cause wonder","meaning_tree;mounce"
"G7680","affliction","meaning_tree;mounce"
"G7681","decaying flesh","meaning_tree;mounce"
"G7683","boldly","lsj"
"G7683","boldness","meaning_tree;mounce"
"G7683","confidence","lsj"
"G7683","courage","lsj"
"G7683","insolence","lsj"
"G7683","over-boldness","lsj"
"G7683","rashness","lsj"
"G7684","bold of heart","lsj"
"G7684","bold-hearted","meaning_tree;mounce"
"G7686","arrogant","lsj"
"G7686","audacious","lsj"
"G7686","bold","lsj;meaning_tree;mounce"
"G7686","dare","lsj"
"G7686","dhers-","lsj"
"G7686","dhṛs-","lsj"
"G7686","durst","lsj"
"G7686","full of confidence","lsj"
"G7686","insolent","lsj"
"G7686","over-bold","lsj"
"G7686","rash","lsj;meaning_tree;mounce"
"G7686","to be ventured","lsj"
"G7686","too boldly","lsj"
"G7735","having an impediment in one's speech","lsj"
"G7735","thin-voiced","lsj"
"G7735","weak voiced","meaning_tree;mounce"
"G7735","weak-voiced","lsj"
"G7751","to consecrate","meaning_tree;mounce"
"G7752","be clean","meaning_tree;mounce"
"G7752","clean","lsj"
"G7752","contain a 'pure' syllable","lsj"
"G7752","correct","lsj"
"G7752","free from","lsj"
"G7752","pure","lsj"
"G7752","purists","lsj"
"G7752","sifted","lsj"
"G7752","to be 'pure","lsj"
"G7752","to be clean","lsj"
"G7752","to be free from","lsj"
"G7752","to be preceded by a vowel","lsj"
"G7752","to be pure","lsj"
"G7765","constantly","lsj"
"G7765","descant upon","lsj"
"G7765","make a hymn of","lsj"
"G7765","sing of much","lsj"
"G7765","to sing praise","meaning_tree;mounce"
"G7767","be late","meaning_tree;mounce"
"G7767","be slow to offer","lsj"
"G7767","come short of","lsj"
"G7767","come too late for","lsj"
"G7767","delay","lsj"
"G7767","fail","lsj"
"G7767","fail in","lsj"
"G7767","fall behind","lsj"
"G7767","fall short","lsj"
"G7767","fare badly","lsj"
"G7767","in","lsj"
"G7767","lack","lsj"
"G7767","shalt","lsj"
"G7767","to be kept waiting for","lsj"
"G7767","to be later","lsj"
"G7771","an evil deed","meaning_tree;mounce"
"G7772","bad workmanship","lsj"
"G7772","evil actions","meaning_tree;mounce"
"G7772","ill effects","lsj"
"G7772","injury","lsj"
"G7772","malice","lsj"
"G7772","malpractices","lsj"
"G7772","vice","lsj"
"G7772","villainy","lsj"
"G7772","wickedness","lsj"
"G7773","evil thinking","meaning_tree;mounce"
"G7773","folly","lsj"
"G7774","evil-minded","meaning_tree;mounce"
"G7774","heedless","lsj"
"G7774","ill-minded","lsj"
"G7774","imprudent","lsj"
"G7774","malignant","lsj"
"G7798","hearten","lsj"
"G7798","to take heart","meaning_tree;mounce"
"G7805","bear as fruit","lsj"
"G7805","bear fruit","lsj"
"G7805","drain","lsj"
"G7805","enjoy","lsj"
"G7805","enjoy the free use of","lsj"
"G7805","enjoy the usufruct","lsj"
"G7805","exhaust","lsj"
"G7805","exploit","lsj"
"G7805","get fruit for oneself","lsj"
"G7805","having enjoyed the profits","lsj"
"G7805","interest","lsj"
"G7805","make profit","lsj"
"G7805","offer","lsj"
"G7805","produce","lsj"
"G7805","reap crops from","lsj"
"G7805","take as fruit","lsj"
"G7805","to crop","lsj"
"G7805","to derive profits from","lsj"
"G7805","to yield","meaning_tree;mounce"
"G7806","a yield","meaning_tree;mounce"
"G7806","fruit","lsj"
"G7806","offering offruits","lsj"
"G7806","profit","lsj"
"G7807","a yield","meaning_tree;mounce"
"G7807","offering offruits","lsj"
"G7807","profit","lsj"
"G7807","sacrifice","lsj"
"G7807","use","lsj"
"G7808","reaching to the wrist","lsj"
"G7808","with long sleeves","meaning_tree;mounce"
"G7808","with sleeves down to the wrist","lsj"
"G7813","nut-like","meaning_tree;mounce"
"G7891","bewail","lsj"
"G7891","to mourn","meaning_tree;mounce"
"G7895","very bitter","lsj;meaning_tree;mounce"
"G7898","a terror","meaning_tree;mounce"
"G7898","amazement","lsj"
"G7898","consternation","lsj"
"G7898","extreme shyness","lsj"
"G7898","fixation","lsj"
"G7899","abject terror","lsj"
"G7899","astound","lsj"
"G7899","astounded","lsj"
"G7899","browbeat","lsj"
"G7899","bully","lsj"
"G7899","strike down","lsj"
"G7899","strike with amazement","lsj"
"G7899","tax","lsj"
"G7899","terrify","lsj"
"G7899","to be amazed at","lsj"
"G7899","to be panic-stricken","lsj"
"G7904","cower","lsj"
"G7904","cower beneath","lsj"
"G7904","crouch","lsj"
"G7906","a curse","meaning_tree;mounce"
"G7906","cursing","lsj"
"G7929","mourn","lsj"
"G7929","sigh","lsj"
"G7929","to groan","meaning_tree;mounce"
"G7936","delight greatly","lsj"
"G7936","to delight","meaning_tree;mounce"
"G7946","confusion","lsj"
"G7946","corruption","meaning_tree;mounce"
"G7946","death","lsj"
"G7946","destruction","lsj"
"G7946","perturbation","lsj"
"G7946","ruin","lsj"
"G7949","afraid of","lsj"
"G7949","fear","meaning_tree;mounce"
"G7949","fearful","lsj"
"G7949","terrifying","lsj"
"G7953","exult over","lsj"
"G7953","rejoice much","lsj"
"G7953","to rejoice against","meaning_tree;mounce"
"G7953","with malicious joy","lsj"
"G7973","be arrogant","meaning_tree;mounce"
"G7973","to be conceited of oneself","lsj"
"G7983","affliction","lsj"
"G7983","in great pain","lsj"
"G7983","to afflict grievously","meaning_tree;mounce"
"G7994","become feather-brained","lsj"
"G7994","ensnare like a","lsj"
"G7994","to be easily cajoled","lsj"
"G8013","conceive","lsj"
"G8013","crave for strange food","lsj"
"G8013","long","lsj"
"G8016","place of weeping","lsj"
"G8083","carouse","lsj"
"G8083","have a sick headache after a debauch","lsj"
"G8083","revel","lsj"
"G8083","to be intoxicated","lsj"
"G8117","dignity","meaning_tree;mounce"
"G8117","glory","lsj"
"G8117","renown","lsj"
"G8128","be pregnant","lsj"
"G8128","be with child","meaning_tree;mounce"
"G8128","of","lsj"
"G8128","to be with young","lsj"
"G8128","with","lsj"
"G8146","be silent","meaning_tree;mounce"
"G8146","hold one's peace","lsj"
"G8147","be mute","meaning_tree;mounce"
"G8147","become dumb","lsj"
"G8147","deaden","lsj"
"G8147","deafen","lsj"
"G8147","injure","lsj"
"G8147","lose its freshness","lsj"
"G8147","maim","lsj"
"G8147","numb","lsj"
"G8147","put to silence","lsj"
"G8156","endowed with speech","lsj"
"G8156","power of speech","meaning_tree;mounce"
"G8156","talked of","lsj"
"G8159","like a","lsj"
"G8186","be white","meaning_tree;mounce"
"G8186","clad in white","lsj"
"G8186","to be colourless","lsj"
"G8186","to be white","lsj"
"G8199","be famished","meaning_tree;mounce"
"G8199","hungry","lsj"
"G8199","to be famished","lsj"
"G8202","anoint","lsj"
"G8202","anoint oneself","lsj"
"G8202","enrich","lsj"
"G8202","fatten","meaning_tree;mounce"
"G8202","glisten","lsj"
"G8202","make fat","lsj"
"G8202","oil","lsj"
"G8202","oiling","lsj"
"G8202","to anoint","meaning_tree;mounce"
"G8214","causing pain","lsj"
"G8214","causing sorrow","lsj"
"G8214","distressing","lsj;meaning_tree;mounce"
"G8214","objects of jealousy and envy","lsj"
"G8214","painful","lsj"
"G8214","painfully","lsj"
"G8214","sad","lsj"
"G8214","show pain","lsj"
"G8214","so as to cause pain","lsj"
"G8214","so as to feel","lsj"
"G8214","troublesome","lsj"
"G8214","with pain","lsj"
"G8229","be irresistibly led","meaning_tree;mounce"
"G8231","deemed","lsj"
"G8231","enviable","lsj"
"G8231","most blessed","meaning_tree;mounce"
"G8231","to be deemed happy","lsj"
"G8232","long-lived","lsj;meaning_tree;mounce"
"G8232","with a long bow","lsj"
"G8237","last a long time","lsj"
"G8238","a thing put far away","lsj"
"G8238","abomination","meaning_tree;mounce"
"G8240","a fortiori","lsj"
"G8240","about","lsj"
"G8240","above all","lsj"
"G8240","actually","lsj"
"G8240","all","lsj"
"G8240","as much as any","lsj"
"G8240","but rather","lsj"
"G8240","by all means","meaning_tree;mounce"
"G8240","carefully","lsj"
"G8240","certainly","lsj"
"G8240","doubtless","lsj"
"G8240","especially","lsj"
"G8240","ever so","lsj"
"G8240","ever so much","lsj"
"G8240","every one","lsj"
"G8240","exceedingly","lsj"
"G8240","fiercely","lsj"
"G8240","first and above all","lsj"
"G8240","highest degree","lsj"
"G8240","in earnest","lsj"
"G8240","in round numbers","lsj"
"G8240","in the highest degree","lsj"
"G8240","in very","lsj"
"G8240","indeed","lsj"
"G8240","just","lsj"
"G8240","more","lsj"
"G8240","more and more","lsj"
"G8240","more than","lsj"
"G8240","most","lsj"
"G8240","most certainly","lsj"
"G8240","most of all","lsj"
"G8240","much more","lsj"
"G8240","never so much","lsj"
"G8240","or never","lsj"
"G8240","plainly","lsj"
"G8240","precisely","lsj"
"G8240","quite","lsj"
"G8240","rather","lsj"
"G8240","right","lsj"
"G8240","supreme","lsj"
"G8240","the more","lsj"
"G8240","to put an extreme case","lsj"
"G8240","together","lsj"
"G8240","very","lsj"
"G8240","violent","lsj"
"G8240","yes","lsj"
"G8242","appeased","lsj"
"G8242","be infirm","meaning_tree;mounce"
"G8242","cowardice","lsj"
"G8242","like a weakling","lsj"
"G8242","made effeminate","lsj"
"G8242","meet","lsj"
"G8242","show weakness","lsj"
"G8242","to be softened","lsj"
"G8242","to be weakly","lsj"
"G8272","endowed with genius","lsj"
"G8272","high-minded","meaning_tree;mounce"
"G8272","large","lsj"
"G8272","lofty genius","lsj"
"G8272","of noble nature","lsj"
"G8272","with exaggeration","lsj"
"G8281","attention","lsj"
"G8281","become accustomed to","lsj"
"G8281","branch","lsj"
"G8281","care","lsj"
"G8281","care for","lsj"
"G8281","care taken","lsj"
"G8281","condition","lsj"
"G8281","declamation","lsj"
"G8281","drill","lsj"
"G8281","exercise","lsj"
"G8281","exercises","lsj"
"G8281","habit","lsj"
"G8281","lecture","lsj"
"G8281","matter","lsj"
"G8281","meditation","meaning_tree;mounce"
"G8281","object of study","lsj"
"G8281","painful exercises","lsj"
"G8281","practice","lsj"
"G8281","pursuit","lsj"
"G8281","rehearsal","lsj"
"G8281","rehearsals","lsj"
"G8281","theme","lsj"
"G8281","threatening symptom","lsj"
"G8281","treatment","lsj"
"G8281","usage","lsj"
"G8298","change of purpose","lsj"
"G8298","regret","lsj"
"G8298","repentance","lsj;meaning_tree;mounce"
"G8313","abate","lsj"
"G8313","be content","meaning_tree;mounce"
"G8313","control","lsj"
"G8313","de herb","lsj"
"G8313","in","lsj"
"G8313","jest","lsj"
"G8313","keep measure","lsj"
"G8313","moderate","lsj"
"G8313","reduce","lsj"
"G8313","regulate","lsj"
"G8313","remit","lsj"
"G8313","show","lsj"
"G8313","to be 'only middling","lsj"
"G8313","to be moderate","lsj"
"G8313","to be unwell","lsj"
"G8318","revengeful temper","lsj"
"G8318","vehement anger","meaning_tree;mounce"
"G8318","wrath","lsj"
"G8320","be infuriated","meaning_tree;mounce"
"G8320","be wroth against","lsj"
"G8320","because of","lsj"
"G8320","cherish wrath","lsj;meaning_tree;mounce"
"G8327","defilement","meaning_tree;mounce"
"G8327","pollution","lsj"
"G8332","grudge","lsj"
"G8332","hate","lsj"
"G8332","hate borne","lsj"
"G8332","hate felt against","lsj"
"G8332","hateful object","lsj"
"G8332","hatred","lsj;meaning_tree;mounce"
"G8363","to be afflicted with warts","lsj"
"G8376","be paralyzed","meaning_tree;mounce"
"G8376","grow stiff","lsj"
"G8376","numb","lsj"
"G8419","dull of heart","meaning_tree;mounce"
"G8419","slow of heart","lsj"
"G8422","be yellowish","meaning_tree;mounce"
"G8422","brown","lsj"
"G8422","make yellow","lsj"
"G8422","to be yellow","lsj"
"G8422","with hair dyed yellow","lsj"
"G8463","drunk","lsj"
"G8463","to be drunken","lsj"
"G8466","drink wine in moderation","lsj"
"G8466","get drunk","lsj"
"G8466","intoxicate","lsj"
"G8466","to be the worse for wine","lsj"
"G8466","turn into wine","lsj"
"G8468","absent","lsj"
"G8468","and gone","lsj"
"G8468","away","lsj"
"G8468","be gone hence","lsj"
"G8468","be undone","meaning_tree;mounce"
"G8468","come","lsj"
"G8468","dead","lsj"
"G8468","departed","lsj"
"G8468","go","lsj"
"G8468","go away","lsj"
"G8468","go off","lsj"
"G8468","gone","lsj"
"G8468","he had gone","lsj"
"G8468","he has gone","lsj"
"G8468","he has gone and","lsj"
"G8468","he's clean gone","lsj"
"G8468","is absent","lsj"
"G8468","lost","lsj"
"G8468","ruined","lsj"
"G8468","set out","meaning_tree;mounce"
"G8468","to be gone","lsj"
"G8468","to be undone","lsj"
"G8468","to have departed","lsj"
"G8468","undone","lsj"
"G8468","vanished","lsj"
"G8474","slothful","meaning_tree;mounce"
"G8485","be faint-hearted","meaning_tree;mounce"
"G8485","become discouraged","lsj"
"G8485","to be faint","lsj"
"G8485","to be worried","lsj"
"G8513","be sour","meaning_tree;mounce"
"G8513","bear sour grapes","lsj"
"G8513","steals sour grapes","lsj"
"G8513","to be unripe","lsj"
"G8546","as a monument of glory","lsj"
"G8546","be straight up","meaning_tree;mounce"
"G8546","be true","lsj"
"G8546","bring","lsj"
"G8546","build","lsj"
"G8546","exalt","lsj"
"G8546","flourish","lsj"
"G8546","go straight","lsj"
"G8546","guide aright","lsj"
"G8546","happiness","lsj"
"G8546","happy","lsj"
"G8546","honour","lsj"
"G8546","if all goes well","lsj"
"G8546","make famous","lsj"
"G8546","make straight","lsj"
"G8546","prosper","lsj"
"G8546","raise","lsj"
"G8546","raise up","lsj"
"G8546","rebuild","lsj"
"G8546","restore","lsj"
"G8546","restore to health","lsj"
"G8546","rise from one's seat","lsj"
"G8546","rise up","lsj"
"G8546","set right","lsj"
"G8546","set straight","lsj"
"G8546","set up","lsj"
"G8546","set upright","lsj"
"G8546","stand up","lsj"
"G8546","straighten","lsj"
"G8546","succeed","lsj"
"G8546","success","lsj"
"G8546","to a happy end","lsj"
"G8546","to be right","lsj"
"G8546","to be safe","lsj"
"G8546","to be set upright","lsj"
"G8546","to vigour","lsj"
"G8546","upright","lsj"
"G8546","use the nominative case","lsj"
"G8598","assumes every shape","lsj"
"G8598","in all kinds of ways","lsj"
"G8598","manifold","lsj"
"G8598","miscellaneous","lsj"
"G8598","of all kinds","meaning_tree;mounce"
"G8598","of all sorts","lsj"
"G8598","of every country","lsj"
"G8598","of every kind","lsj"
"G8618","comforting","meaning_tree;mounce"
"G8618","hortatory","lsj"
"G8618","on demand","lsj"
"G8618","stimulating","lsj"
"G8619","a comforter","meaning_tree;mounce"
"G8619","comforter","lsj"
"G8619","one who encourages","lsj"
"G8619","suppliant","lsj"
"G8634","a transgression","meaning_tree;mounce"
"G8634","course","lsj"
"G8634","falling beside","lsj"
"G8634","falling from the right way","lsj"
"G8634","lying side by side","lsj"
"G8634","mistake","lsj"
"G8634","off the road","lsj"
"G8634","pursuing","lsj"
"G8634","situation","lsj"
"G8642","accompany","lsj"
"G8642","be a bodyguard","meaning_tree;mounce"
"G8642","be off","lsj"
"G8642","escape un noticed","lsj"
"G8642","exceed","lsj"
"G8642","excel","lsj"
"G8642","go beyond","lsj"
"G8642","neglect","lsj"
"G8642","omit","lsj"
"G8642","outrun","lsj"
"G8642","over","lsj"
"G8642","overtake","lsj"
"G8642","pass over","lsj"
"G8642","past","lsj"
"G8642","run across","lsj"
"G8642","run along","meaning_tree;mounce"
"G8642","run by","lsj"
"G8642","run over","lsj"
"G8642","run through","lsj"
"G8642","runners","lsj"
"G8642","slight","lsj"
"G8642","surpass","lsj"
"G8642","treat cursorily","lsj"
"G8658","be in heat","meaning_tree;mounce"
"G8658","incite","lsj"
"G8658","provoke","lsj"
"G8687","be darkened","meaning_tree;mounce"
"G8692","for mourning","lsj"
"G8692","in mourning","lsj"
"G8692","mournful","lsj;meaning_tree;mounce"
"G8692","of","lsj"
"G8694","are a-doing","lsj"
"G8694","be in need","meaning_tree;mounce"
"G8694","get ready","lsj"
"G8694","have need of","lsj"
"G8694","needy","lsj"
"G8694","pro them","lsj"
"G8694","to be poor","lsj"
"G8694","to be poor in","lsj"
"G8694","to have to work for one's living","lsj"
"G8694","toil","lsj"
"G8694","were busy","lsj"
"G8694","work","lsj"
"G8694","work at","lsj"
"G8721","be an advantage","meaning_tree;mounce"
"G8721","consequence","lsj"
"G8721","escape","lsj"
"G8721","escaped from","lsj"
"G8721","gain any advantage","lsj"
"G8721","have a superiority in","lsj"
"G8721","have the advantage","lsj"
"G8721","he survived","lsj"
"G8721","is","lsj"
"G8721","live over","lsj"
"G8721","may get","lsj"
"G8721","overcome","lsj"
"G8721","prevail","lsj"
"G8721","prevail over","lsj"
"G8721","remain over and above","lsj"
"G8721","revenues","lsj"
"G8721","surplus","lsj"
"G8721","survive","lsj"
"G8721","survivors","lsj"
"G8721","the upshot","lsj"
"G8721","to be a result","lsj"
"G8721","to be left over","lsj"
"G8721","to be superior","lsj"
"G8721","to be superior to","lsj"
"G8721","was the result","lsj"
"G8721","which remained from","lsj"
"G8793","bitterness","meaning_tree;mounce"
"G8793","bitterness bitter feeling","lsj"
"G8794","a bitter herb","meaning_tree;mounce"
"G8794","helminthia sepioides","lsj"
"G8794","ox-tongue","lsj"
"G8794","sour soil","lsj"
"G8825","to be borne as by the wind","lsj"
"G8849","full of mercy","meaning_tree;mounce"
"G8849","very merciful","lsj"
"G8854","abound","lsj"
"G8854","be numerous","meaning_tree;mounce"
"G8854","multiply","lsj"
"G8859","live long","lsj"
"G8859","prolong","lsj"
"G8859","to delay long","meaning_tree;mounce"
"G8860","ancient","lsj"
"G8860","lasting for long","lsj"
"G8860","long-lived","lsj;meaning_tree;mounce"
"G8860","long-protracted","lsj"
"G8860","of long standing","lsj"
"G8860","of olden time","lsj"
"G8878","gentle-minded","meaning_tree;mounce"
"G8878","of gentle mind","lsj"
"G8898","anticipate","lsj"
"G8898","apprehend before","lsj"
"G8898","crush","lsj"
"G8898","ensure","lsj"
"G8898","fasten securely","lsj"
"G8898","frustrate","lsj"
"G8898","if taken in time","lsj"
"G8898","in preparation for","lsj"
"G8898","occupy in advance","lsj"
"G8898","overpower first","lsj"
"G8898","preoccupy","lsj"
"G8898","prevent","lsj"
"G8898","seize beforehand","lsj"
"G8898","surprise","lsj"
"G8898","that have been anticipated","lsj"
"G8898","to be predetermined","lsj"
"G8898","to be prejudiced","lsj"
"G8898","to be so occupied","lsj"
"G8898","to be surprised","lsj"
"G8898","win over before","lsj"
"G8922","fit","lsj"
"G8922","gentle","lsj"
"G8922","gently","lsj"
"G8922","kind","lsj;meaning_tree;mounce"
"G8922","most pleasant","lsj"
"G8922","smooth things","lsj"
"G8922","soft","lsj"
"G8922","soothing","lsj"
"G8922","suitable","lsj"
"G8922","the enticement","lsj"
"G8926","be burnt through","meaning_tree;mounce"
"G8926","burn besides","lsj"
"G8926","burnt at the fire","lsj"
"G8926","set on fire","lsj"
"G8926","to be in love with","lsj"
"G8946","rejoice at","lsj"
"G8946","to rejoice with","meaning_tree;mounce"
"G8963","be seated first","meaning_tree;mounce"
"G8963","place","lsj"
"G8963","seat in front of","lsj"
"G8997","be reddish","meaning_tree;mounce"
"G8997","ruddy","lsj"
"G8997","to be red","lsj"
"H0505","a thousand","meaning_tree"
"H0505","as numeral","meaning_tree"
"H0505","company","meaning_tree"
"H0505","troops","meaning_tree"
"H0637","adv","meaning_tree"
"H0637","also","meaning_tree"
"H0637","furthermore","meaning_tree"
"H0637","indeed","meaning_tree"
"H0637","though","meaning_tree"
"H0637","yea","meaning_tree"
"H1097","adv of negation","meaning_tree"
"H1097","no","meaning_tree"
"H1097","not","meaning_tree"
"H1097","subst","meaning_tree"
"H1097","wearing out","meaning_tree"
"H1097","without","meaning_tree"
"H1961","appear","meaning_tree"
"H1961","be at","meaning_tree"
"H1961","be brought about","meaning_tree"
"H1961","be done","meaning_tree"
"H1961","be established","meaning_tree"
"H1961","be finished","meaning_tree"
"H1961","be gone","meaning_tree"
"H1961","be in","meaning_tree"
"H1961","be in existence","meaning_tree"
"H1961","be with","meaning_tree"
"H1961","become","meaning_tree"
"H1961","come","meaning_tree"
"H1961","come about","meaning_tree"
"H1961","come to pass","meaning_tree"
"H1961","exist","meaning_tree"
"H1961","fall out","meaning_tree"
"H1961","happen","meaning_tree"
"H1961","lie","meaning_tree"
"H1961","occur","meaning_tree"
"H1961","remain","meaning_tree"
"H1961","take place","meaning_tree"
"H1961","to abide","meaning_tree"
"H1961","to accompany","meaning_tree"
"H1961","to arise","meaning_tree"
"H1961","to be","meaning_tree"
"H1961","to be done","meaning_tree"
"H1961","to be instituted","meaning_tree"
"H1961","to become","meaning_tree"
"H1961","to become like","meaning_tree"
"H1961","to come about","meaning_tree"
"H1961","to exist","meaning_tree"
"H1961","to happen","meaning_tree"
"H1961","to occur","meaning_tree"
"H1961","to stand","meaning_tree"
"H2409","sin offering","meaning_tree"
"H3644","according as","meaning_tree"
"H3644","adv","meaning_tree"
"H3644","as","meaning_tree"
"H3644","as it were","meaning_tree"
"H3644","conj","meaning_tree"
"H3644","like","meaning_tree"
"H3644","when","meaning_tree"
"H4059","continue","meaning_tree"
"H4616","in view of","meaning_tree"
"H4616","intent prep","meaning_tree"
"H4616","on account of","meaning_tree"
"H4616","purpose","meaning_tree"
"H4994","i (we) pray","meaning_tree"
"H4994","now","meaning_tree"
"H4994","please","meaning_tree"
"H5704","as far as","meaning_tree"
"H5704","conj","meaning_tree"
"H5704","during","meaning_tree"
"H5704","end","meaning_tree"
"H5704","even like","meaning_tree"
"H5704","even to","meaning_tree"
"H5704","from...as far as","meaning_tree"
"H5704","in combination","meaning_tree"
"H5704","of degree","meaning_tree"
"H5704","of space","meaning_tree"
"H5704","of time","meaning_tree"
"H5704","prep","meaning_tree"
"H5704","so that even","meaning_tree"
"H5704","till","meaning_tree"
"H5704","until","meaning_tree"
"H5704","unto","meaning_tree"
"H5704","up to","meaning_tree"
"H5704","while","meaning_tree"
"H5921","above","meaning_tree"
"H5921","according to","meaning_tree"
"H5921","adjoining","meaning_tree"
"H5921","against","meaning_tree"
"H5921","as regards","meaning_tree"
"H5921","at","meaning_tree"
"H5921","because of","meaning_tree"
"H5921","beside","meaning_tree"
"H5921","beyond","meaning_tree"
"H5921","by","meaning_tree"
"H5921","concerning","meaning_tree"
"H5921","down upon","meaning_tree"
"H5921","for","meaning_tree"
"H5921","from","meaning_tree"
"H5921","in addition to","meaning_tree"
"H5921","in spite of","meaning_tree"
"H5921","next","meaning_tree"
"H5921","notwithstanding","meaning_tree"
"H5921","on","meaning_tree"
"H5921","on account of","meaning_tree"
"H5921","on behalf of","meaning_tree"
"H5921","on to","meaning_tree"
"H5921","over","meaning_tree"
"H5921","over (of excess","meaning_tree"
"H5921","over to","meaning_tree"
"H5921","over towards","meaning_tree"
"H5921","prep","meaning_tree"
"H5921","therefore","meaning_tree"
"H5921","to","meaning_tree"
"H5921","together with","meaning_tree"
"H5921","towards","meaning_tree"
"H5921","unto","meaning_tree"
"H5921","up to","meaning_tree"
"H5921","up upon","meaning_tree"
"H5921","upon","meaning_tree"
"H5921","with","meaning_tree"
"H5921","with (of addition","meaning_tree"
"H7444","cry","meaning_tree"
"H7444","shout","meaning_tree"
