id,word_id,strong,deleted
1,1,G0505,0
2,1,G5272,0
3,1,H2612,0
4,1,H2519,0
5,1,G4942,0
6,3,H1942,0
7,3,G2549,0
8,3,G4189,0
9,3,H0205G,0
10,3,G2550,0
11,3,H7589,0
12,3,H8130,0
13,3,H5767,0
14,3,H5360,0
15,4,G0947,0
16,4,G0946,0
17,4,G8238,0
18,4,G6662,0
19,4,H8441,0
20,4,H8251,0
21,4,H2194,0
22,4,H8263,0
23,4,H4656,0
24,4,H6292,0
25,4,G0948,0
26,4,H8581,0
27,4,H8262,0
28,4,H0887,0
29,4,G0111,0
30,5,G0074,0
31,5,H2427B,0
32,5,H2427A,0
33,5,H7661,0
34,5,G3600,0
35,5,H8463,0
36,5,G5604,0
37,5,H2256B,0
38,5,H1518,0
39,5,G0928H,0
40,5,H2342I,0
41,6,G2052,0
42,6,G5389,0
43,7,G7026,0
44,7,G3950,0
45,7,H5674B,0
46,7,H7107,0
47,7,H2740,0
48,7,H0639I,0
49,7,H0639G,0
50,7,H6440M,0
51,7,H0639H,0
52,7,H5678,0
53,7,H2195,0
54,7,H2534,0
55,7,H2528,0
56,7,H7307J,0
57,7,H7110B,0
58,7,G3949,0
59,7,G3710,0
60,7,G2373,0
61,7,H0644,0
62,7,H2734,0
63,7,H8474,0
64,7,H7265,0
65,7,H5307K,0
66,7,H5201,0
67,7,G3947,0
68,7,H3707,0
69,7,H5860A,0
70,7,H5006,0
71,7,H2552,0
72,7,H7267,0
73,7,G8318,0
74,7,H3708B,0
75,7,H3708A,0
76,7,G3709,0
77,7,G2372,0
78,7,H7110A,0
79,8,G0074,0
80,8,H2427A,0
81,8,H7661,0
82,8,G3601,0
83,8,G4928,0
84,8,H2479,0
85,8,H6695B,0
86,8,H7089,0
87,8,G3600,0
88,8,H2342B,0
89,8,H4751,0
90,8,H4164,0
91,8,H4691,0
92,8,H4689,0
93,8,H6869B,0
94,8,H6862B,0
95,8,H7451C,0
96,8,H6862C,0
97,8,H5892A,0
98,8,H5100,0
99,8,G4730,0
100,8,H2256B,0
101,8,H6735C,0
102,8,G2347,0
103,8,H7115,0
104,8,H3015,0
105,8,H4712,0
106,8,H6088,0
107,8,G0928H,0
108,8,H2342K,0
109,8,H2342J,0
110,8,H2342H,0
111,8,H2342A,0
112,8,H2342I,0
113,8,G4192,0
114,8,H5999,0
115,9,G5547,0
116,9,G6221,0
117,9,H4899,0
118,9,G5545,0
119,9,H4888A,0
120,9,H4888B,0
121,9,H4473,0
122,9,H4887,0
123,9,H8081,0
124,9,G0218,0
125,9,G3462,0
126,9,G5548,0
127,9,G8202,0
128,9,H5480,0
129,9,H4886,0
130,9,H1101A,0
131,9,H3251,0
132,9,H3332G,0
133,9,H1878,0
134,9,G1472,0
135,9,G2025,0
136,10,H1674,0
137,10,H8312,0
138,10,H1672,0
139,10,G3308,0
140,10,G4329,0
141,10,H7599,0
142,10,G0275,0
143,10,G0253,0
144,11,G2836,0
145,11,G0776,0
146,11,H5315L,0
147,11,H2421,0
148,11,H8264,0
149,12,G6791,0
150,12,G1568,0
151,12,G6786,0
152,12,H6343,0
153,12,G5401,0
154,12,G2124,0
155,12,G1169,0
156,12,G2284,0
157,12,G7904,0
158,12,H1481C,0
159,12,H6342,0
160,12,H3372G,0
161,12,H3372H,0
162,12,G6156,0
163,12,H2865,0
164,12,H6206,0
165,12,H7264,0
166,12,H1945,0
167,13,G8794,0
168,13,H4834,0
169,13,G4089,0
170,13,H4815,0
171,13,H4751,0
172,13,G4088,0
173,13,G8793,0
174,13,H4844,0
175,13,H4814,0
176,13,H4787,0
177,13,H4786,0
178,13,H4472,0
179,13,H4470,0
180,13,H8563,0
181,13,H4846,0
182,13,H7219,0
183,13,H4805H,0
184,13,G4087,0
185,13,H4843,0
186,13,H4784,0
187,13,G7895,0
188,13,H3939,0
189,14,G5111,0
190,14,H0907,0
191,14,G5246,0
192,14,G0212,0
193,14,G0213,0
194,14,G2755,0
195,14,G0850,0
196,14,H7312,0
197,14,H5947,0
198,14,G2746,0
199,14,G2745,0
200,14,H1346,0
201,14,H6350,0
202,14,H1984C,0
203,14,H6286A,0
204,14,G3166,0
205,14,G2744,0
206,14,G2620,0
207,14,G6094,0
208,14,G4068,0
209,14,G7013,0
210,14,H1984H,0
211,14,H1984B,0
212,14,H1984I,0
213,14,H3235,0
214,14,H3513G,0
215,14,H1431,0
216,14,H7235A,0
217,14,G3004G,0
218,14,H1984A,0
219,14,H1696G,0
220,15,G0662,0
221,15,G5111,0
222,15,G2292,0
223,15,H5810,0
224,15,G7686,0
225,15,G5113,0
226,15,G7684,0
227,15,G3954,0
228,15,G7683,0
229,15,G4006,0
230,15,G5112,0
231,15,H5797,0
232,15,H7292,0
233,15,G3955,0
234,16,G1398,0
235,16,G0509,0
236,16,H4805H,0
237,16,H5650,0
238,16,H5656G,0
239,16,H5656I,0
240,16,G1397,0
241,16,H5659,0
242,16,H0631,0
243,16,G1402,0
244,16,G2615,0
245,16,H5647G,0
246,16,H3533,0
247,17,G6485,0
248,17,H8601,0
249,17,H3512A,0
250,17,H6556,0
251,17,H7670,0
252,17,H7667,0
253,17,H6528,0
254,17,G5259G,0
255,17,H4790,0
256,17,G2801,0
257,17,H7616,0
258,17,H2844B,0
259,17,H7115,0
260,17,H5218B,0
261,17,H6031B,0
262,17,H5927L,0
263,17,H7576,0
264,17,G2806,0
265,17,G4937,0
266,17,H1638,0
267,17,H5421,0
268,17,H6565A,0
269,17,H6331,0
270,17,H8406,0
271,17,H7665,0
272,17,G1358,0
273,17,G1575,0
274,17,H6524B,0
275,17,H6202,0
276,17,H6555,0
277,17,H1855,0
278,17,H1794,0
279,17,H1792,0
280,17,H3807,0
281,17,H7533,0
282,17,H1438,0
283,17,H5181,0
284,17,H2254B,0
285,17,H1505,0
286,17,G1846,0
287,17,H7280C,0
288,17,G3089,0
289,17,H2040,0
290,17,H7462B,0
291,17,H0006,0
292,17,H2490H,0
293,17,G4917,0
294,17,H5310A,0
295,17,H7489B,0
296,17,H7465,0
297,17,H1986,0
298,17,G4977,0
299,17,H6565B,0
300,17,H6480,0
301,17,H3782,0
302,17,G1284,0
303,17,H5423,0
304,17,H6561,0
305,17,G1288,0
306,17,H2865,0
307,17,H4347,0
308,18,G0235,0
309,18,G2822,0
310,18,G2821,0
311,18,H7148,0
312,18,G5581,0
313,18,G3686,0
314,18,H8034,0
315,18,G5537,0
316,18,H6030B,0
317,18,H0833,0
318,18,G5455,0
319,18,G1941,0
320,18,G6285,0
321,18,G7099,0
322,18,G7115,0
323,18,G1793,0
324,18,G4377,0
325,18,G4341,0
326,18,G4779,0
327,18,G1951,0
328,18,G2564G,0
329,18,H7121H,0
330,18,H7121I,0
331,18,H7121G,0
332,18,G2564H,0
333,18,H7121J,0
334,18,G2896,0
335,18,H6817,0
336,18,H7768,0
337,18,G0994,0
338,18,G4316,0
339,18,H6950,0
340,18,H5414I,0
341,18,H8085I,0
342,18,G1528,0
343,18,G3687,0
344,18,G2028,0
345,18,G3870,0
346,18,H7123,0
347,18,H0560,0
348,18,H0559,0
349,18,G2046,0
350,18,G3004H,0
351,18,G2036,0
352,18,G3004G,0
353,18,H7971G,0
354,18,H7760A,0
355,18,H7760M,0
356,18,G3333,0
357,19,G2239,0
358,19,H2747,0
359,19,G1382,0
360,20,G4698,0
361,20,H5439G,0
362,20,H2603A,0
363,20,H2329,0
364,20,H5150,0
365,20,H4230,0
366,20,G3628,0
367,20,H2551,0
368,20,H4263,0
369,20,H7359,0
370,20,H7356B,0
371,20,H7349,0
372,20,H2594,0
373,20,H2617A,0
374,20,H3749,0
375,20,G1656,0
376,20,H5164,0
377,20,G4835,0
378,20,H5162G,0
379,20,H5162H,0
380,20,G4022,0
381,20,G3627,0
382,20,H7355,0
383,20,G1653,0
384,20,H2328,0
385,20,G4697,0
386,20,H2347,0
387,20,G7451,0
388,20,H2550,0
389,20,G4033,0
390,20,G2944,0
391,20,H0661,0
392,20,H3803,0
393,20,H5362B,0
394,20,H5849A,0
395,20,G4834,0
396,20,G4013,0
397,20,H5437H,0
398,20,H5437G,0
399,20,G4184,0
400,20,H7356A,0
401,21,H0816,0
402,21,H7561,0
403,21,G0176,0
404,21,G1349,0
405,21,G2633,0
406,21,G2631,0
407,21,G1935,0
408,21,G5020,0
409,21,G5272,0
410,21,G2920,0
411,21,G2917,0
412,21,H8201,0
413,21,G0843,0
414,21,G2632,0
415,21,G2613,0
416,21,G2607,0
417,21,H4191,0
418,21,H6064,0
419,21,G2919,0
420,21,H8199,0
421,21,H7725K,0
422,21,H7563,0
423,22,G4894,0
424,22,G4893,0
425,22,H3629,0
426,23,H5139,0
427,23,H5144B,0
428,23,H4888B,0
429,23,H5145G,0
430,23,H5145H,0
431,23,H5145I,0
432,23,H3027R,0
433,23,H6944G,0
434,23,G0040G,0
435,23,H6918G,0
436,23,G0334,0
437,23,G4286,0
438,23,H4394,0
439,23,G2564G,0
440,23,G7751,0
441,23,H6942G,0
442,23,H6942H,0
443,23,H6942I,0
444,23,H6942K,0
445,23,H6942J,0
446,23,H5144A,0
447,23,H4390,0
448,23,G5048,0
449,23,G0037,0
450,24,G2213,0
451,24,H7961,0
452,24,G8313,0
453,24,H3190,0
454,24,G0714,0
455,24,H2974,0
456,24,G3859,0
457,24,H4079,0
458,24,G0073,0
459,24,H4808,0
460,24,G2054,0
461,24,G2052,0
462,24,H7649,0
463,24,H7648,0
464,24,G0841,0
465,24,G0842,0
466,24,G3948,0
467,24,H4683,0
468,24,H4066,0
469,24,H7379,0
470,24,H7378,0
471,24,G2106,0
472,24,H4390,0
473,24,H8085G,0
474,24,H7646,0
475,25,H1793A,0
476,25,H5223,0
477,25,H1793B,0
478,25,H1794,0
479,25,H1792,0
480,26,H1100I,0
481,26,H7845G,0
482,26,G1612,0
483,26,G5356,0
484,26,G7946,0
485,26,H4893B,0
486,26,G4646,0
487,26,G1312,0
488,26,G3394,0
489,26,G3393,0
490,26,H1942,0
491,26,H4889,0
492,26,G5349,0
493,26,H7845H,0
494,26,G4550,0
495,26,H0444,0
496,26,H7844,0
497,26,G2704,0
498,26,G1311,0
499,26,G0853,0
500,26,G5351,0
501,26,H2254B,0
502,26,G0889,0
503,26,H4167,0
504,26,H2015,0
505,26,G2585,0
506,26,H0006,0
507,26,H2610,0
508,26,G4595,0
509,26,H4743,0
510,26,H7843,0
511,26,H1097,0
512,27,H5475,0
513,27,H4431,0
514,27,H4156,0
515,27,H6098,0
516,27,H5843,0
517,27,H8458,0
518,27,G4824,0
519,27,H3272B,0
520,27,H6310I,0
521,27,G1012,0
522,27,H3289,0
523,27,H4427B,0
524,27,G4823,0
525,27,H3272A,0
526,27,G1011,0
527,27,H5779,0
528,27,H1697G,0
529,27,H1697I,0
530,28,G5111,0
531,28,G2114,0
532,28,G2292,0
533,28,G6326,0
534,28,G2294,0
535,28,H1369,0
536,28,H7307G,0
537,28,H2428G,0
538,28,H0533,0
539,28,G2293,0
540,28,G0407,0
541,28,H1361,0
542,28,H0553,0
543,28,H2388G,0
544,29,H7802,0
545,29,G2787G,0
546,29,G1242,0
547,29,H1285,0
548,29,G4934,0
549,29,H7999B,0
550,29,H3772J,0
551,29,H3772H,0
552,29,G1303,0
553,29,H7650,0
554,30,G2206,0
555,30,G1939,0
556,30,G4124,0
557,30,G4123,0
558,30,G5366,0
559,30,G0866,0
560,30,H2530B,0
561,30,G3713,0
562,30,H1214G,0
563,30,H1214H,0
564,30,H1214I,0
565,30,H0183,0
566,30,H2530A,0
567,30,G1937,0
568,30,H1215,0
569,31,G0810,0
570,31,G0766,0
571,31,G0811,0
572,32,H6280,0
573,32,H3868,0
574,32,G3834,0
575,32,G1388,0
576,32,G0539,0
577,32,G6957,0
578,32,H4820,0
579,32,H7423A,0
580,32,G1386,0
581,32,H8649B,0
582,32,G4108,0
583,32,H4123,0
584,32,H8267,0
585,32,H0391,0
586,32,H3586,0
587,32,G4106,0
588,32,H0205G,0
589,32,H4860,0
590,32,H6121A,0
591,32,H3577,0
592,32,H8496,0
593,32,H8419,0
594,32,H4209,0
595,32,H7423B,0
596,32,H0898,0
597,32,G1387,0
598,32,H2505B,0
599,32,H7723G,0
600,33,G2839G,0
601,33,G0234,0
602,33,G3436,0
603,33,G3394,0
604,33,G3393,0
605,33,G8327,0
606,33,H1352,0
607,33,H5079,0
608,33,H2491B,0
609,33,H1602,0
610,33,H6942I,0
611,33,G3435,0
612,33,G4510,0
613,33,G7170,0
614,33,G7121,0
615,33,H1351,0
616,33,H2933,0
617,33,H2930A,0
618,33,G5351,0
619,33,H8262,0
620,33,H2610,0
621,33,G2840,0
622,33,H2490H,0
623,33,H2936,0
624,33,G3392,0
625,33,G4695,0
626,33,H5953D,0
627,33,H2931,0
628,33,H2932,0
629,33,G0449,0
630,34,H2657H,0
631,34,H7522,0
632,34,H3302,0
633,34,H4998,0
634,34,H5276,0
635,34,H4263,0
636,34,H4574,0
637,34,H5730A,0
638,34,H2531,0
639,34,H6027,0
640,34,H5730B,0
641,34,H8191,0
642,34,H2655,0
643,34,H2532B,0
644,34,H2532A,0
645,34,H4261,0
646,34,H8378,0
647,34,H8056,0
648,34,G2234,0
649,34,G0020,0
650,34,G5479,0
651,34,H8057,0
652,34,H7814,0
653,34,H5000,0
654,34,H8588,0
655,34,H2896A,0
656,34,H5273A,0
657,34,H5282,0
658,34,H2656,0
659,34,H4885,0
660,34,H8342,0
661,34,H7521,0
662,34,G2106,0
663,34,G4913,0
664,34,G7936,0
665,34,H6026,0
666,34,H8173B,0
667,34,H2654A,0
668,34,H2530A,0
669,34,H5414G,0
670,34,H5727,0
671,34,H8231,0
672,34,G5463,0
673,34,H1523,0
674,34,H5965,0
675,34,H8055,0
676,34,H7797,0
677,34,H8173A,0
678,34,H7306,0
679,34,H2654B,0
680,35,H7522,0
681,35,H2531,0
682,35,H2655,0
683,35,G7411,0
684,35,G21415,0
685,35,H4262,0
686,35,H2532B,0
687,35,G1939,0
688,35,G7410,0
689,35,H0185,0
690,35,H0035,0
691,35,H1942,0
692,35,H2837,0
693,35,H2532A,0
694,35,H4261,0
695,35,H3970,0
696,35,H8378,0
697,35,H8669,0
698,35,G2107,0
699,35,G1974,0
700,35,G1972,0
701,35,G3715,0
702,35,H5690,0
703,35,H0015,0
704,35,G1938,0
705,35,H4862,0
706,35,G1013,0
707,35,G0701,0
708,35,H2656,0
709,35,H4180,0
710,35,H2530B,0
711,35,H5315L,0
712,35,G0154,0
713,35,G2065,0
714,35,H1156,0
715,35,H7592,0
716,35,G3713,0
717,35,H0977,0
718,35,H2836B,0
719,35,H2654A,0
720,35,G1809,0
721,35,G2691,0
722,35,G2442,0
723,35,H0183,0
724,35,H2836A,0
725,35,H2530A,0
726,35,H5375O,0
727,35,H3700,0
728,35,G1971,0
729,35,G1937,0
730,35,H7602A,0
731,35,H0157G,0
732,35,G1014,0
733,35,G3870,0
734,35,G2212,0
735,35,H1245,0
736,35,G1934,0
737,35,H2550,0
738,35,H6634,0
739,35,G2309,0
740,35,G2307,0
741,35,H1697H,0
742,36,H0954,0
743,36,H0605,0
744,36,H5136,0
745,36,H4531A,0
746,36,H4523,0
747,36,H8077A,0
748,36,H3544,0
749,36,H8078,0
750,36,H1671,0
751,36,H7817,0
752,36,G1820,0
753,36,G0560,0
754,36,H2976,0
755,36,H6323,0
756,36,H3372G,0
757,36,H4549,0
758,36,H4127,0
759,36,H4816,0
760,37,G5387,0
761,37,G4980,0
762,37,H8003,0
763,37,G2138,0
764,37,G2145,0
765,37,H2764A,0
766,37,H2617A,0
767,37,H2764B,0
768,37,G4574,0
769,37,H7521,0
770,37,G5021,0
771,37,G0472,0
772,37,G4342,0
773,37,H5144A,0
774,37,H2763A,0
775,37,G1872,0
776,37,H5414H,0
777,37,H5737A,0
778,37,H8104I,0
779,37,H5674C,0
780,37,H4376,0
781,37,G4291,0
782,37,H2763B,0
783,37,H2388K,0
784,37,G4043,0
785,37,G4337,0
786,38,G4587,0
787,38,G8117,0
788,38,H7613,0
789,38,G1391,0
790,38,H1926,0
791,38,H3519,0
792,38,H1420,0
793,38,H1363,0
794,38,H4791,0
795,38,H3367,0
796,38,H5082,0
797,38,G4586,0
798,39,H2942,0
799,39,G2924,0
800,39,G1253,0
801,39,G0144,0
802,39,G4908,0
803,39,H4209,0
804,39,G0145,0
805,39,H2940,0
806,39,G1260,0
807,39,H8085G,0
808,39,H8085K,0
809,39,G0350,0
810,39,G1252,0
811,39,H3046,0
812,39,H3045,0
813,39,H5234A,0
814,39,H7200G,0
815,39,G1381,0
816,39,H0995,0
817,39,G4907,0
818,39,H0999,0
819,39,H0998,0
820,39,H8394,0
821,39,H7922,0
822,40,G0543,0
823,40,G3876,0
824,40,G0545,0
825,40,G0506,0
826,40,G0544,0
827,40,H4784,0
828,41,G4928,0
829,41,H6695B,0
830,41,H7451A,0
831,41,G3600,0
832,41,G1568,0
833,41,H0888,0
834,41,G0085,0
835,41,H3735,0
836,41,H3334,0
837,41,H7489A,0
838,41,H4751,0
839,41,H4164,0
840,41,H6869A,0
841,41,H6365,0
842,41,H4691,0
843,41,H4689,0
844,41,H4157,0
845,41,H6869B,0
846,41,H6862B,0
847,41,H6695A,0
848,41,H7451I,0
849,41,H7451C,0
850,41,G8214,0
851,41,H6862C,0
852,41,H0205H,0
853,41,H6862D,0
854,41,G4730,0
855,41,H6862A,0
856,41,G0318,0
857,41,H2201,0
858,41,H6682,0
859,41,H3511,0
860,41,G2347,0
861,41,H7379,0
862,41,H4712,0
863,41,H2734,0
864,41,H6696A,0
865,41,H6887B,0
866,41,H0926,0
867,41,H6887C,0
868,41,G3076,0
869,41,H7185,0
870,41,G4912,0
871,41,H6087A,0
872,41,H6973,0
873,41,H7878,0
874,41,G2669,0
875,41,H5065,0
876,41,H3510,0
877,41,H6693,0
878,41,G2346,0
879,41,G4729,0
880,41,H6696B,0
881,41,H6887E,0
882,41,G4660,0
883,41,H2342A,0
884,41,H6887D,0
885,41,H6869C,0
886,42,H6635A,0
887,42,H1416,0
888,42,H4931,0
889,42,H4255,0
890,42,H4929,0
891,42,G1370,0
892,42,G1267,0
893,42,G3311,0
894,42,G2183,0
895,42,H2515,0
896,42,H4653,0
897,42,H4256,0
898,42,H6392,0
899,42,H6391,0
900,42,H5587A,0
901,42,H7218K,0
902,42,G5010,0
903,42,H2506A,0
904,42,H6304,0
905,42,G0141,0
906,42,G0139,0
907,42,G4978,0
908,42,H6390,0
909,42,H0505H,0
910,42,G0592,0
911,43,H1672,0
912,43,H6345,0
913,43,H6343,0
914,43,H6178,0
915,43,H3374,0
916,43,H4172A,0
917,43,H4034,0
918,43,H3016,0
919,43,H8078,0
920,43,H0574,0
921,43,H0366,0
922,43,H0367,0
923,43,H1161,0
924,43,H1091,0
925,43,H2844A,0
926,43,H1481C,0
927,43,H6342,0
928,43,H1763,0
929,43,H3372G,0
930,43,H3025,0
931,43,H3372H,0
932,43,H8175C,0
933,43,H6973,0
934,43,H8175A,0
935,43,H8175B,0
936,43,H6206,0
937,43,G5015,0
938,43,H6381,0
939,44,H5769H,0
940,44,H3201,0
941,44,H0539,0
942,44,H2342B,0
943,44,H7114A,0
944,44,H7011,0
945,44,H5769J,0
946,44,H5769I,0
947,44,H5769G,0
948,44,G0420,0
949,44,G3115,0
950,44,G5281,0
951,44,H0386,0
952,44,H6276,0
953,44,G3984,0
954,44,G1526,0
955,44,H6031B,0
956,44,H6965I,0
957,44,H6965B,0
958,44,H1961,0
959,44,G5342,0
960,44,G0941,0
961,44,H3427,0
962,44,G0430,0
963,44,G2594,0
964,44,G2553,0
965,44,G5297,0
966,44,G4722,0
967,44,H3559H,0
968,44,G3114,0
969,44,H5375H,0
970,44,H5375J,0
971,44,H5375P,0
972,44,H3885A,0
973,44,H0748,0
974,44,G5159,0
975,44,G5278,0
976,44,H7646,0
977,44,H6966I,0
978,44,H5975G,0
979,44,G3306,0
980,44,G3958,0
981,44,G4778,0
982,44,H3557,0
983,45,G2206,0
984,45,H7065,0
985,45,G5355,0
986,45,G3788,0
987,45,H7068,0
988,45,G6041,0
989,45,G5354,0
990,45,H6424,0
991,45,H7520,0
992,45,G2205,0
993,46,H1100H,0
994,46,H0192,0
995,46,G7771,0
996,46,H0873,0
997,46,H7451H,0
998,46,H7451B,0
999,46,H7451A,0
1000,46,G2560,0
1001,46,H7489A,0
1002,46,H3415,0
1003,46,G2557,0
1004,46,H1942,0
1005,46,H7451I,0
1006,46,H7451C,0
1007,46,G2549,0
1008,46,G5337,0
1009,46,G4189,0
1010,46,H7455,0
1011,46,G7772,0
1012,46,G7773,0
1013,46,G7774,0
1014,46,G4190,0
1015,46,G2556G,0
1016,46,G2556H,0
1017,46,H0205H,0
1018,46,H0205G,0
1019,46,H4827,0
1020,46,G4191,0
1021,46,H4209,0
1022,46,G1426,0
1023,46,G2636,0
1024,46,G2551,0
1025,46,G2554,0
1026,46,G2559,0
1027,46,H2161,0
1028,46,H7489B,0
1029,46,G0093,0
1030,46,H7563,0
1031,46,H2154,0
1032,46,H7562,0
1033,46,G0824,0
1034,46,G2555,0
1035,47,G1382,0
1036,47,G3984,0
1037,47,G2334,0
1038,47,H7200H,0
1039,47,H7200G,0
1040,47,G3958,0
1041,48,H0539,0
1042,48,H2616A,0
1043,48,H4603,0
1044,48,G4102G,0
1045,48,G4102H,0
1046,48,G4103,0
1047,48,H0529,0
1048,48,H0544,0
1049,48,H0530,0
1050,48,H4395,0
1051,48,G1680,0
1052,48,H2617A,0
1053,48,G6066,0
1054,48,G3640,0
1055,48,H2623,0
1056,48,H0898,0
1057,48,G0569,0
1058,48,H3559K,0
1059,48,H0540,0
1060,48,G4100,0
1061,48,H0571I,0
1062,48,H0571G,0
1063,48,H0571H,0
1064,48,G0570,0
1065,48,H4604,0
1066,49,H0539,0
1067,49,H2616A,0
1068,49,H4603,0
1069,49,G4102G,0
1070,49,G4102H,0
1071,49,G4103,0
1072,49,H0529,0
1073,49,H0544,0
1074,49,H0530,0
1075,49,H4395,0
1076,49,G1680,0
1077,49,H2617A,0
1078,49,G6066,0
1079,49,G3640,0
1080,49,H2623,0
1081,49,H0898,0
1082,49,G0569,0
1083,49,H3559K,0
1084,49,H0540,0
1085,49,G4100,0
1086,49,H0571I,0
1087,49,H0571G,0
1088,49,H0571H,0
1089,49,G0570,0
1090,49,H4604,0
1091,50,G2316,0
1092,50,G1719,0
1093,50,H3373,0
1094,50,H1674,0
1095,50,H1672,0
1096,50,G4576,0
1097,50,H3512A,0
1098,50,G1168,0
1099,50,G2126,0
1100,50,H6345,0
1101,50,H6343,0
1102,50,G6015,0
1103,50,G5401,0
1104,50,G4423,0
1105,50,G7949,0
1106,50,H3374,0
1107,50,H4172B,0
1108,50,H4172A,0
1109,50,H4035,0
1110,50,H4034,0
1111,50,G5398,0
1112,50,G5400,0
1113,50,H3016,0
1114,50,G0870,0
1115,50,G2318,0
1116,50,H7374,0
1117,50,H4177,0
1118,50,G2124,0
1119,50,H6427,0
1120,50,G1630,0
1121,50,H0367,0
1122,50,H2844A,0
1123,50,H4032,0
1124,50,G1169,0
1125,50,G1167,0
1126,50,H8539,0
1127,50,H1481C,0
1128,50,H6342,0
1129,50,G5399,0
1130,50,H2119B,0
1131,50,H1763,0
1132,50,H3372G,0
1133,50,H3025,0
1134,50,H7297,0
1135,50,H3372H,0
1136,50,H4116A,0
1137,50,H8175C,0
1138,50,H6973,0
1139,50,H4549,0
1140,50,G2125,0
1141,50,H7200L,0
1142,50,H2729,0
1143,50,H6206,0
1144,50,H2342A,0
1145,50,G1790,0
1146,50,G5156,0
1147,50,H2731,0
1148,50,H2730,0
1149,50,H7461B,0
1150,50,H7267,0
1151,51,H5475,0
1152,51,G2844,0
1153,51,G3352,0
1154,51,G2842,0
1155,51,H8667,0
1156,51,G4790,0
1157,51,H2266,0
1158,52,G3471,0
1159,52,H2973,0
1160,52,H5528,0
1161,52,H5034A,0
1162,52,H3688,0
1163,52,H3690,0
1164,52,G2756,0
1165,52,G0454,0
1166,52,H0200,0
1167,52,H5531B,0
1168,52,H5531A,0
1169,52,H5529,0
1170,52,H3684,0
1171,52,H5530,0
1172,52,H0191,0
1173,52,G0878,0
1174,52,G0453,0
1175,52,G3474,0
1176,52,H0196,0
1177,52,H5036,0
1178,52,G3473,0
1179,52,G0877,0
1180,52,G3472,0
1181,52,H3689,0
1182,52,G0801,0
1183,52,H6612A,0
1184,52,H1198,0
1185,52,H3687,0
1186,52,H1984C,0
1187,52,H1984I,0
1188,53,G0859,0
1189,53,H5547,0
1190,53,H5546,0
1191,53,G2436,0
1192,53,H3722A,0
1193,53,H3680,0
1194,53,H5545,0
1195,53,G5483,0
1196,53,H5375I,0
1197,53,H8058,0
1198,53,G0863H,0
1199,53,G0863G,0
1200,53,G0863I,0
1201,53,G0630G,0
1202,54,G0018,0
1203,54,G0572,0
1204,55,G3356,0
1205,55,G1933,0
1206,55,G2261,0
1207,55,G4239,0
1208,55,G4235,0
1209,55,G8878,0
1210,55,G1932,0
1211,55,G6073,0
1212,55,G4240,0
1213,55,G4236,0
1214,55,H6038,0
1215,55,H6037,0
1216,55,H4832,0
1217,55,G5544,0
1218,55,H7390,0
1219,55,H7391,0
1220,55,H1851,0
1221,55,H6031B,0
1222,56,G2570H,0
1223,56,H7075,0
1224,56,H3191,0
1225,56,H3190,0
1226,56,H2868,0
1227,56,H2895,0
1228,56,G4147,0
1229,56,H8408,0
1230,56,G0017,0
1231,56,G0016,0
1232,56,G2140,0
1233,56,G3776,0
1234,56,G4469,0
1235,56,G0018,0
1236,56,G2570G,0
1237,56,G2566,0
1238,56,H2896B,0
1239,56,G2108,0
1240,56,G7527,0
1241,56,H1309,0
1242,56,G2162,0
1243,56,G7559,0
1244,56,G5543,0
1245,56,G0019,0
1246,56,H2898,0
1247,56,G0865,0
1248,56,G5544,0
1249,56,H2617A,0
1250,56,G0979,0
1251,56,G5358,0
1252,56,H4627,0
1253,56,H4377,0
1254,56,H2896A,0
1255,56,G5224,0
1256,56,G5223,0
1257,56,H7399,0
1258,56,H3520B,0
1259,56,H4465,0
1260,56,H7998,0
1261,56,H0202,0
1262,56,G2567,0
1263,56,H1319,0
1264,56,G0015,0
1265,56,G0014,0
1266,56,G2569,0
1267,56,G2109,0
1268,56,G6107,0
1269,56,G7534,0
1270,56,G7548,0
1271,56,G2097,0
1272,56,G4283,0
1273,56,H1580,0
1274,56,G4632,0
1275,56,H4728,0
1276,56,H5232,0
1277,56,H2896C,0
1278,57,H2603A,0
1279,57,G2143,0
1280,57,H2433,0
1281,57,H2580,0
1282,57,G5485,0
1283,57,H2617A,0
1284,57,H8469,0
1285,57,G5483,0
1286,58,G5485,0
1287,58,G2169,0
1288,59,G0147,0
1289,59,G4124,0
1290,59,G4123,0
1291,59,G0724,0
1292,59,H1215,0
1293,60,H6040,0
1294,60,G3601,0
1295,60,H6937,0
1296,60,H2470I,0
1297,60,H4786,0
1298,60,H7451C,0
1299,60,G3997,0
1300,60,G3077,0
1301,60,H8424,0
1302,60,H6094,0
1303,60,H6001A,0
1304,60,H0057,0
1305,60,H3511,0
1306,60,H4341,0
1307,60,H2483,0
1308,60,H3015,0
1309,60,H6330,0
1310,60,G3076,0
1311,60,G4727,0
1312,60,H6087A,0
1313,60,G3996,0
1314,60,H0056,0
1315,60,H3510,0
1316,60,H3013,0
1317,60,H3708B,0
1318,60,H3708A,0
1319,61,G1690,0
1320,61,H2603A,0
1321,61,G4726,0
1322,61,H5009,0
1323,61,G6697,0
1324,61,H0603,0
1325,61,H5100,0
1326,61,H1901,0
1327,61,H7581,0
1328,61,H0585,0
1329,61,H1518,0
1330,61,G4727,0
1331,61,G7929,0
1332,61,H0602,0
1333,61,H5098,0
1334,61,H5008,0
1335,61,H6463,0
1336,61,G4959,0
1337,61,H1993,0
1338,61,H7580,0
1339,61,H0584,0
1340,62,H0816,0
1341,62,G0156,0
1342,62,G0159,0
1343,62,G4893,0
1344,62,H2600,0
1345,62,H0817,0
1346,62,H0819,0
1347,62,H0818,0
1348,62,H5771G,0
1349,62,H5771H,0
1350,62,H5771I,0
1351,62,G0266,0
1352,62,H2401,0
1353,62,H2399,0
1354,62,H5375J,0
1355,62,H2398,0
1356,63,H6277,0
1357,63,H7451H,0
1358,63,H7489A,0
1359,63,H2954,0
1360,63,H5450,0
1361,63,H4165,0
1362,63,H4044,0
1363,63,G1422,0
1364,63,G1423,0
1365,63,H1419A,0
1366,63,G1418,0
1367,63,G4642,0
1368,63,H6862D,0
1369,63,G6980,0
1370,63,G1421,0
1371,63,G1425,0
1372,63,G4457,0
1373,63,G4643,0
1374,63,G21419,0
1375,63,G4641,0
1376,63,H3515,0
1377,63,G1419,0
1378,63,H0280,0
1379,63,H7186,0
1380,63,H5797,0
1381,63,H2389,0
1382,63,G1171,0
1383,63,G4456,0
1384,63,H7185,0
1385,63,G4912,0
1386,63,H3513H,0
1387,63,G2872,0
1388,63,H3332J,0
1389,63,H6693,0
1390,63,G2346,0
1391,63,H2388G,0
1392,63,H6381,0
1393,63,H6093,0
1394,63,H6089A,0
1395,64,H0342,0
1396,64,H8135,0
1397,64,G8332,0
1398,64,G7590,0
1399,64,H4895,0
1400,64,G2189,0
1401,64,H8130,0
1402,64,H7520,0
1403,65,G0039G,0
1404,65,H6944J,0
1405,65,G0039H,0
1406,65,H6944H,0
1407,65,H6944I,0
1408,65,H6422,0
1409,65,G3743,0
1410,65,G0042,0
1411,65,G0041,0
1412,65,G0038,0
1413,65,G3742,0
1414,65,H6944G,0
1415,65,G0040G,0
1416,65,H6922,0
1417,65,H6918G,0
1418,65,G0040H,0
1419,65,H6918H,0
1420,65,G0572,0
1421,65,G2150,0
1422,65,H2623,0
1423,65,G2412,0
1424,65,G3741,0
1425,65,G2413,0
1426,65,H4720,0
1427,65,G4151G,0
1428,65,H6942G,0
1429,65,H6942H,0
1430,65,H6942I,0
1431,65,H6942K,0
1432,65,H6942J,0
1433,65,G0037,0
1434,66,G4587,0
1435,66,H0530,0
1436,66,H6666,0
1437,66,H0571G,0
1438,66,H5229,0
1439,66,H3476,0
1440,67,G3785,0
1441,67,H4723A,0
1442,67,H4723C,0
1443,67,H4009,0
1444,67,H8615A,0
1445,67,H4007,0
1446,67,G1680,0
1447,67,H4723B,0
1448,67,H8431,0
1449,67,H7664,0
1450,67,H8615B,0
1451,67,H3689,0
1452,67,H4268,0
1453,67,H6960A,0
1454,67,H7663B,0
1455,67,H6960B,0
1456,67,G0560,0
1457,67,H2976,0
1458,67,G4276,0
1459,67,G1679,0
1460,67,H7951,0
1461,67,G7379,0
1462,67,H2620,0
1463,67,H0982,0
1464,67,H2342I,0
1465,67,H3176H,0
1466,67,H3176G,0
1467,67,H0986,0
1468,67,H3175,0
1469,68,G4240,0
1470,68,H6038,0
1471,68,H6037,0
1472,68,H6800B,0
1473,68,G5012,0
1474,69,H2183,0
1475,69,H1544,0
1476,69,G2712,0
1477,69,G1495,0
1478,69,H8655,0
1479,70,H4906,0
1480,70,H3336,0
1481,70,G1271,0
1482,70,H4284,0
1483,70,G1261,0
1484,70,G1761,0
1485,70,H8307,0
1486,70,G3053,0
1487,70,H2803I,0
1488,70,G7050,0
1489,70,G3191,0
1490,70,H1897,0
1491,70,H2161,0
1492,70,H1819,0
1493,70,G1380,0
1494,70,G3543,0
1495,70,G3539,0
1496,71,H3971A,0
1497,71,G2839G,0
1498,71,H5509,0
1499,71,G6410,0
1500,71,G0167,0
1501,71,H5079,0
1502,71,H2930A,0
1503,71,G2840,0
1504,71,G0169,0
1505,71,G0168,0
1506,71,H2932,0
1507,72,G0023,0
1508,72,H2194,0
1509,72,G0024,0
1510,72,H2195,0
1511,72,H2197,0
1512,72,H2534,0
1513,72,H2152,0
1514,72,G4448,0
1515,72,H6087A,0
1516,72,H8104I,0
1517,72,H3707,0
1518,72,H3708B,0
1519,72,H3708A,0
1520,72,G3709,0
1521,72,G2372,0
1522,72,H7110A,0
1523,72,G2205,0
1524,73,H6041,0
1525,73,G0092,0
1526,73,G4189,0
1527,73,H0205H,0
1528,73,H0205G,0
1529,73,H5869K,0
1530,73,H5932,0
1531,73,H5758,0
1532,73,H5771G,0
1533,73,H5771H,0
1534,73,H5771I,0
1535,73,H5766B,0
1536,73,H5766A,0
1537,73,G0458,0
1538,73,G3892,0
1539,73,H5753B,0
1540,73,H7725I,0
1541,73,H5999,0
1542,73,G0093,0
1543,73,H7562,0
1544,73,H1697M,0
1545,74,H1818,0
1546,74,H5356B,0
1547,74,G2513,0
1548,74,H2643,0
1549,74,H8535,0
1550,74,H3682,0
1551,74,G6177,0
1552,74,H2136,0
1553,74,H5356A,0
1554,74,G0338,0
1555,74,G0185,0
1556,74,G0172,0
1557,74,G0121,0
1558,74,H5355B,0
1559,74,H5355A,0
1560,74,H8537,0
1561,74,G1342,0
1562,74,G0053,0
1563,74,H2134,0
1564,74,H1249,0
1565,74,H6662,0
1566,74,H5352,0
1567,74,H8552,0
1568,74,H6663,0
1569,75,H7919A,0
1570,75,H5094B,0
1571,75,G0144,0
1572,75,H7924,0
1573,75,G3563,0
1574,75,G4920,0
1575,75,H0995,0
1576,75,G5428,0
1577,75,G4907,0
1578,75,H0998,0
1579,75,H8394,0
1580,75,H7922,0
1581,75,H8454,0
1582,76,H8535,0
1583,76,H0530,0
1584,76,G0861,0
1585,76,H8538,0
1586,76,H8537,0
1587,76,H8549H,0
1588,76,G0090,0
1589,76,H3476,0
1590,76,H4339,0
1591,77,H6660,0
1592,77,H4616,0
1593,77,H1701,0
1594,77,G1619,0
1595,77,H5668,0
1596,77,H3336,0
1597,77,G1013,0
1598,77,H4284,0
1599,77,H4209,0
1600,77,G1963,0
1601,77,G1771,0
1602,77,H3615I,0
1603,77,G0816,0
1604,77,G1014,0
1605,77,H2161,0
1606,77,G5426,0
1607,77,G1227,0
1608,77,G2212,0
1609,77,H7760A,0
1610,77,G3879,0
1611,77,H8245,0
1612,78,G1783,0
1613,78,G1793,0
1614,78,H6293,0
1615,78,G5241,0
1616,79,G7601,0
1617,79,G7600,0
1618,79,H7068,0
1619,79,H7069,0
1620,79,G3863,0
1621,79,G2205,0
1622,80,G6110,0
1623,80,H4010,0
1624,80,H7440,0
1625,80,H8056,0
1626,80,G0020,0
1627,80,G2167,0
1628,80,G5479,0
1629,80,H2305,0
1630,80,H2304,0
1631,80,H8057,0
1632,80,H1525,0
1633,80,H1524A,0
1634,80,H4885,0
1635,80,H8342,0
1636,80,H1959,0
1637,80,G2744,0
1638,80,H6681,0
1639,80,H1750,0
1640,80,G3685,0
1641,80,H7442A,0
1642,80,G0021,0
1643,80,G5463,0
1644,80,H1523,0
1645,80,H5539,0
1646,80,H8055,0
1647,80,H7797,0
1648,80,G4796,0
1649,80,H7444,0
1650,80,H7442B,0
1651,81,H0197H,0
1652,81,H4941K,0
1653,81,G1349,0
1654,81,G6928,0
1655,81,H4639H,0
1656,81,H1884,0
1657,81,H6415,0
1658,81,G2920,0
1659,81,H1779,0
1660,81,G1341,0
1661,81,H4941H,0
1662,81,H4941J,0
1663,81,H4941G,0
1664,81,H4941I,0
1665,81,H4334,0
1666,81,H6662,0
1667,81,G1343,0
1668,81,G2118,0
1669,81,H6666,0
1670,81,H6664G,0
1671,81,G1556,0
1672,81,H1777,0
1673,81,H8199,0
1674,81,H6663,0
1675,81,H5186,0
1676,81,G1557,0
1677,82,H0929,0
1678,82,H3190,0
1679,82,H2603A,0
1680,82,G5541,0
1681,82,H2616A,0
1682,82,G5363,0
1683,82,H7356B,0
1684,82,H6440N,0
1685,82,G1085H,0
1686,82,G1074,0
1687,82,G2261,0
1688,82,G1932,0
1689,82,G0018,0
1690,82,G5543,0
1691,82,G8922,0
1692,82,H2178,0
1693,82,H2177,0
1694,82,H4327,0
1695,82,G5544,0
1696,82,H2617A,0
1697,82,H3610,0
1698,82,G5449,0
1699,82,G8598,0
1700,82,G4217,0
1701,82,H2623,0
1702,82,H2896A,0
1703,82,H5278,0
1704,82,G3634,0
1705,82,H5375Q,0
1706,82,H2616B,0
1707,82,G4164,0
1708,82,G4169,0
1709,82,H0375,0
1710,83,G4894,0
1711,83,G7454,0
1712,83,G0056,0
1713,83,G1990,0
1714,83,G1922,0
1715,83,G1108,0
1716,83,G7396,0
1717,83,H1847,0
1718,83,H1844,0
1719,83,H1843,0
1720,83,H4486,0
1721,83,H4093,0
1722,83,H3045,0
1723,83,G4924,0
1724,83,H6213H,0
1725,83,H6213A,0
1726,83,G1492I,0
1727,83,G4907,0
1728,83,H0998,0
1729,83,H7922,0
1730,83,H8454,0
1731,84,H7230,0
1732,84,G0165H,0
1733,84,G0744,0
1734,84,G2863,0
1735,84,H4263,0
1736,84,H3117K,0
1737,84,G1939,0
1738,84,H2837,0
1739,84,H8378,0
1740,84,G3112,0
1741,84,H5769J,0
1742,84,H5769G,0
1743,84,G0509,0
1744,84,G3173,0
1745,84,H1419A,0
1746,84,G4119,0
1747,84,H1364,0
1748,84,H3975,0
1749,84,H0679,0
1750,84,G3745,0
1751,84,H6546,0
1752,84,H0753,0
1753,84,H3508,0
1754,84,H0752,0
1755,84,G2375,0
1756,84,G3118,0
1757,84,G8232,0
1758,84,G8860,0
1759,84,H6446,0
1760,84,G3117,0
1761,84,G1973,0
1762,84,G7383,0
1763,84,G1974,0
1764,84,G1972,0
1765,84,H3616,0
1766,84,H8375,0
1767,84,H7469,0
1768,84,H7227A,0
1769,84,H4060A,0
1770,84,G4183,0
1771,84,G1597,0
1772,84,H5704,0
1773,84,G5550,0
1774,84,G3713,0
1775,84,H6315,0
1776,84,H7602B,0
1777,84,G8859,0
1778,84,H0183,0
1779,84,H2836A,0
1780,84,H4900,0
1781,84,H3615I,0
1782,84,H4059,0
1783,84,H8311,0
1784,84,G3114,0
1785,84,H5375O,0
1786,84,G8237,0
1787,84,H3700,0
1788,84,H2968,0
1789,84,G1971,0
1790,84,G1937,0
1791,84,H6165,0
1792,84,H8373,0
1793,84,H7602A,0
1794,84,H7235A,0
1795,84,H0748,0
1796,84,H6485I,0
1797,84,H8264,0
1798,84,H5186,0
1799,84,H3801,0
1800,84,G0891,0
1801,84,G2193,0
1802,84,H1870J,0
1803,84,G4219,0
1804,84,H7341,0
1805,84,G7808,0
1806,85,G5377,0
1807,85,G5387,0
1808,85,H4998,0
1809,85,H2895,0
1810,85,H3303,0
1811,85,G0027,0
1812,85,H0159,0
1813,85,H1730G,0
1814,85,H3039A,0
1815,85,H3033,0
1816,85,H1730H,0
1817,85,H1730I,0
1818,85,G5363,0
1819,85,G0080,0
1820,85,G5360,0
1821,85,G5388,0
1822,85,H7356B,0
1823,85,H7474,0
1824,85,H4261,0
1825,85,G5380,0
1826,85,H2898,0
1827,85,G5362,0
1828,85,H2617A,0
1829,85,G0026,0
1830,85,H0160,0
1831,85,H3039B,0
1832,85,G5379,0
1833,85,G5365,0
1834,85,G4375,0
1835,85,H5000,0
1836,85,H0158,0
1837,85,G5358,0
1838,85,G5361,0
1839,85,H5691,0
1840,85,H5690,0
1841,85,G5366,0
1842,85,G0866,0
1843,85,G1516,0
1844,85,H2623,0
1845,85,H2896A,0
1846,85,H5273A,0
1847,85,G5369,0
1848,85,H2836A,0
1849,85,H8130,0
1850,85,H7355,0
1851,85,G0025,0
1852,85,G5368,0
1853,85,H2245,0
1854,85,G7493,0
1855,85,G5383,0
1856,85,H0157H,0
1857,85,H0157G,0
1858,86,G1939,0
1859,86,H1942,0
1860,86,H8378,0
1861,86,H8385A,0
1862,86,H1432,0
1863,86,G3715,0
1864,86,H5178B,0
1865,86,H5691,0
1866,86,H5690,0
1867,86,G1938,0
1868,86,G3806,0
1869,86,G2237,0
1870,86,H0183,0
1871,86,H2530A,0
1872,86,G1937,0
1873,86,H5689,0
1874,86,H7904,0
1875,87,H1100I,0
1876,87,G8240,0
1877,87,G3760,0
1878,87,G0767,0
1879,87,H6623,0
1880,87,H6592,0
1881,87,G1498,0
1882,87,G0880,0
1883,87,G5346,0
1884,87,H5352,0
1885,87,H3321,0
1886,87,H6213A,0
1887,87,G3177,0
1888,87,G3004G,0
1889,87,H4911B,0
1890,87,H0998,0
1891,88,H1902G,0
1892,88,H7879,0
1893,88,G6140,0
1894,88,G8281,0
1895,88,H1902H,0
1896,88,H1901,0
1897,88,H1900,0
1898,88,H7881,0
1899,88,H1239,0
1900,88,G6139,0
1901,88,H7742,0
1902,88,G3191,0
1903,88,H7878,0
1904,88,H1897,0
1905,88,G4304,0
1906,88,H0559,0
1907,88,H6437G,0
1908,89,H3027M,0
1909,89,G3422,0
1910,89,H0234,0
1911,89,H2146,0
1912,89,H2143,0
1913,89,H4676,0
1914,89,G3417,0
1915,89,G5280,0
1916,89,H2142,0
1917,90,H3819,0
1918,90,H2603A,0
1919,90,H2616A,0
1920,90,H2603B,0
1921,90,G3628,0
1922,90,H2551,0
1923,90,H7359,0
1924,90,H7356B,0
1925,90,G3629,0
1926,90,H7349,0
1927,90,G8849,0
1928,90,H2587,0
1929,90,H2617A,0
1930,90,G1655,0
1931,90,G0448,0
1932,90,G1656,0
1933,90,H3727,0
1934,90,H2623,0
1935,90,G2435,0
1936,90,G2436,0
1937,90,G3741,0
1938,90,H8469,0
1939,90,H3722A,0
1940,90,H7355,0
1941,90,G1653,0
1942,90,H2347,0
1943,90,H6279,0
1944,90,G2433,0
1945,90,H2550,0
1946,90,H7356A,0
1947,91,G3912,0
1948,91,G4993,0
1949,91,G3525,0
1950,91,H5069,0
1951,91,G4893,0
1952,91,H5588,0
1953,91,G1374,0
1954,91,G7774,0
1955,91,G8878,0
1956,91,H7217,0
1957,91,G2588,0
1958,91,H3826,0
1959,91,H3825,0
1960,91,H3824,0
1961,91,H3820A,0
1962,91,H7907,0
1963,91,G8272,0
1964,91,G3130,0
1965,91,H3336,0
1966,91,H3629,0
1967,91,G3675,0
1968,91,G2473,0
1969,91,H0047I,0
1970,91,G1271,0
1971,91,G3563,0
1972,91,G3510,0
1973,91,H1079,0
1974,91,G3540,0
1975,91,G5591,0
1976,91,G2104,0
1977,91,G5427,0
1978,91,G5280,0
1979,91,G1106,0
1980,91,G3524,0
1981,91,G5590G,0
1982,91,H5315G,0
1983,91,H5315L,0
1984,91,H5315I,0
1985,91,H7308,0
1986,91,H7307G,0
1987,91,G1771,0
1988,91,H1984C,0
1989,91,H5162H,0
1990,91,G3328,0
1991,91,H2803I,0
1992,91,G1260,0
1993,91,H8104G,0
1994,91,G1014,0
1995,91,G1011,0
1996,91,G5426,0
1997,91,H6485I,0
1998,91,G3421,0
1999,91,G3415,0
2000,91,G3403,0
2001,91,H2142,0
2002,91,G0363,0
2003,91,G5279,0
2004,91,H7896K,0
2005,92,H6937,0
2006,92,H7015,0
2007,92,H0205H,0
2008,92,G3997,0
2009,92,G2870,0
2010,92,H0592,0
2011,92,H1899,0
2012,92,G8692,0
2013,92,H6941,0
2014,92,G3602,0
2015,92,H0060,0
2016,92,H0057,0
2017,92,H4798,0
2018,92,H4553,0
2019,92,H8386,0
2020,92,H2201,0
2021,92,H0585,0
2022,92,H5162G,0
2023,92,H6969,0
2024,92,G2875,0
2025,92,H5098,0
2026,92,H6087A,0
2027,92,G2354,0
2028,92,H0578,0
2029,92,H6213H,0
2030,92,G3996,0
2031,92,G7891,0
2032,92,H0056,0
2033,92,H5594,0
2034,92,H1897,0
2035,92,H7300,0
2036,92,H1993,0
2037,92,H7971G,0
2038,92,H0584,0
2039,92,H3013,0
2040,92,H5091,0
2041,92,H6428,0
2042,92,H5110,0
2043,92,G2799,0
2044,92,H1058,0
2045,92,H5092,0
2046,92,H1068,0
2047,93,G5218,0
2048,93,H3349,0
2049,93,G5255,0
2050,93,G5292,0
2051,93,H8085G,0
2052,93,H8085H,0
2053,93,G5442G,0
2054,93,H5401A,0
2055,93,G3980,0
2056,93,G5219,0
2057,93,G5293,0
2058,94,G1939,0
2059,94,H0185,0
2060,94,G3715,0
2061,94,G3806,0
2062,94,G7513,0
2063,94,G2237,0
2064,94,G3804,0
2065,94,G2691,0
2066,94,G7493,0
2067,94,G3958,0
2068,94,G2372,0
2069,95,H3811,0
2070,95,H0639G,0
2071,95,H0753,0
2072,95,G0530,0
2073,95,G3115,0
2074,95,G5281,0
2075,95,H0750,0
2076,95,G3114,0
2077,95,H0748,0
2078,95,G5278,0
2079,96,H7965H,0
2080,96,H7961,0
2081,96,G1514,0
2082,96,G4623,0
2083,96,H2790B,0
2084,96,G2270,0
2085,96,G4601,0
2086,96,H2814,0
2087,96,H1293,0
2088,96,G1515,0
2089,96,H8001,0
2090,96,H7965G,0
2091,96,H8002,0
2092,96,H7965L,0
2093,96,H7965J,0
2094,96,H7965K,0
2095,96,H7965I,0
2096,96,G1516,0
2097,96,G2263,0
2098,96,G0425,0
2099,96,H7600,0
2100,96,H7999B,0
2101,96,H1585,0
2102,96,H7999A,0
2103,96,G1517,0
2104,96,G5392,0
2105,96,H2790A,0
2106,96,H8252,0
2107,96,H5117,0
2108,96,H7280B,0
2109,96,H2013,0
2110,96,H1826H,0
2111,97,H3868,0
2112,97,G4646,0
2113,97,H6143,0
2114,97,H5558,0
2115,97,H5773,0
2116,97,H5766B,0
2117,97,G6882,0
2118,97,H4297,0
2119,97,H8397,0
2120,97,H2017,0
2121,97,H3891,0
2122,97,H8419,0
2123,97,G1608,0
2124,97,H2015,0
2125,97,G1294,0
2126,97,H5753B,0
2127,97,H3399A,0
2128,97,H6140,0
2129,97,H5753A,0
2130,97,H3399B,0
2131,97,H5999,0
2132,97,H6141,0
2133,98,H7318,0
2134,98,H5108B,0
2135,98,G1391,0
2136,98,H3519,0
2137,98,G2162,0
2138,98,G1868,0
2139,98,G0136,0
2140,98,G0133,0
2141,98,G2129,0
2142,98,G6165,0
2143,98,H1974,0
2144,98,H1960,0
2145,98,H4110,0
2146,98,H8416,0
2147,98,G2128,0
2148,98,H2158,0
2149,98,H8426,0
2150,98,H1984C,0
2151,98,H5115A,0
2152,98,H1289,0
2153,98,H1288,0
2154,98,H1984H,0
2155,98,H1984B,0
2156,98,H1984I,0
2157,98,G3670,0
2158,98,H7911,0
2159,98,H3034,0
2160,98,G1392,0
2161,98,H7878,0
2162,98,G1867,0
2163,98,G0437,0
2164,98,G0134,0
2165,98,G5214,0
2166,98,H3029,0
2167,98,H7624,0
2168,98,H7623B,0
2169,98,G2127,0
2170,98,H1984A,0
2171,98,H2167,0
2172,98,G5567,0
2173,98,G7765,0
2174,98,H7623A,0
2175,98,G0703,0
2176,99,G2171,0
2177,99,G1783,0
2178,99,H7881,0
2179,99,G1162,0
2180,99,H1159,0
2181,99,G4335,0
2182,99,H8605,0
2183,99,H1156,0
2184,99,H2470B,0
2185,99,H6279,0
2186,99,H1697G,0
2187,100,H7293,0
2188,100,H2087,0
2189,100,G5187,0
2190,100,H2103,0
2191,100,G0212,0
2192,100,H0639I,0
2193,100,H1365,0
2194,100,H1363,0
2195,100,H4791,0
2196,100,H1348,0
2197,100,G2746,0
2198,100,G2745,0
2199,100,G5243,0
2200,100,H1467,0
2201,100,H1466,0
2202,100,H1347,0
2203,100,H1346,0
2204,100,H1344,0
2205,100,H7830,0
2206,100,H7296,0
2207,100,H1343,0
2208,100,H1341,0
2209,100,G2744,0
2210,100,H1361,0
2211,100,G5448,0
2212,101,H4853A,0
2213,101,G4394,0
2214,101,H5016,0
2215,101,H5017,0
2216,101,H5030,0
2217,101,G4397,0
2218,101,G4395,0
2219,101,H5002,0
2220,102,H1252,0
2221,102,H2892B,0
2222,102,G0862,0
2223,102,H2889,0
2224,102,H2890,0
2225,102,G0054,0
2226,102,G0047,0
2227,102,H2892A,0
2228,103,H4617,0
2229,103,H4616,0
2230,103,H1701,0
2231,103,H6098,0
2232,103,H5668,0
2233,103,H8356,0
2234,103,G5056,0
2235,103,G2107,0
2236,103,G2443,0
2237,103,H6656,0
2238,103,H3336,0
2239,103,G1520,0
2240,103,G1013,0
2241,103,G1012,0
2242,103,H2656,0
2243,103,H4284,0
2244,103,H4209,0
2245,103,G5427,0
2246,103,G4286,0
2247,103,G1106,0
2248,103,H6640,0
2249,103,G1771,0
2250,103,H3289,0
2251,103,H6680,0
2252,103,G4160G,0
2253,103,H3335I,0
2254,103,H3276,0
2255,103,H5414H,0
2256,103,G5087,0
2257,103,G1011,0
2258,103,H2161,0
2259,103,G4388,0
2260,103,H0559,0
2261,103,H7760A,0
2262,103,H7997A,0
2263,103,G3661,0
2264,103,G2761,0
2265,103,H1697M,0
2266,104,H3282,0
2267,104,H4616,0
2268,104,G1752,0
2269,104,G5484,0
2270,104,H6903H,0
2271,104,G0156,0
2272,104,G0159,0
2273,104,G2138,0
2274,104,G4803,0
2275,104,H6440I,0
2276,104,G1063,0
2277,104,G0473,0
2278,104,H2600,0
2279,104,H5668,0
2280,104,G1933,0
2281,104,G1500,0
2282,104,H4486,0
2283,104,G0701,0
2284,104,G0158,0
2285,104,G1261,0
2286,104,G0804,0
2287,104,G3050,0
2288,104,G1352,0
2289,104,G1223,0
2290,104,G3049,0
2291,104,G4802,0
2292,104,G1260,0
2293,104,G4817,0
2294,104,G1256,0
2295,104,H8199,0
2296,104,G5426,0
2297,104,H3198,0
2298,104,H6485K,0
2299,104,H0559,0
2300,104,H8394,0
2301,104,H5921A,0
2302,104,G2761,0
2303,104,H4101,0
2304,104,H1697M,0
2305,105,G0646,0
2306,105,G0181,0
2307,105,G0485,0
2308,105,H4878,0
2309,105,G0506,0
2310,105,G3894,0
2311,105,G6149,0
2312,105,H4805H,0
2313,105,H4777,0
2314,105,H4776,0
2315,105,H7846,0
2316,105,H5627,0
2317,105,H6965B,0
2318,105,H7311A,0
2319,105,H6586,0
2320,105,H6588,0
2321,106,G2643,0
2322,106,G2433,0
2323,106,H2398,0
2324,107,G1847,0
2325,107,H5034A,0
2326,107,G0580,0
2327,107,G0096,0
2328,107,H3973,0
2329,107,G0579,0
2330,107,H2310,0
2331,107,G6493,0
2332,107,H1602,0
2333,107,H8581,0
2334,107,G0720,0
2335,107,G0544,0
2336,107,G1544,0
2337,107,H3988B,0
2338,107,H5203,0
2339,107,H5800A,0
2340,107,H5800H,0
2341,107,G3868,0
2342,107,G1848,0
2343,107,G0683,0
2344,107,G0593,0
2345,107,G0114,0
2346,107,H2186A,0
2347,107,H3988A,0
2348,107,H5541A,0
2349,107,H7725I,0
2350,107,G1609,0
2351,107,H5006,0
2352,107,H2186B,0
2353,107,H1920,0
2354,107,H5493G,0
2355,107,H5493I,0
2356,107,G0654,0
2357,107,H5541B,0
2358,108,H7440,0
2359,108,H5951,0
2360,108,H8056,0
2361,108,G5479,0
2362,108,H8057,0
2363,108,H5947,0
2364,108,G2746,0
2365,108,G2745,0
2366,108,H1525,0
2367,108,H1524A,0
2368,108,H4885,0
2369,108,H8342,0
2370,108,H8643,0
2371,108,G2744,0
2372,108,G2165,0
2373,108,H6670A,0
2374,108,H7337,0
2375,108,H5937,0
2376,108,H7832,0
2377,108,G0021,0
2378,108,G5463,0
2379,108,H2302,0
2380,108,H1523,0
2381,108,H5970,0
2382,108,H5965,0
2383,108,H5539,0
2384,108,H8055,0
2385,108,H7797,0
2386,108,G7953,0
2387,108,G7471,0
2388,108,G4796,0
2389,108,G8946,0
2390,108,H7442B,0
2391,108,H7445,0
2392,108,H1524B,0
2393,109,H7375,0
2394,109,H2487,0
2395,109,G3824,0
2396,109,G0342,0
2397,109,H2498,0
2398,109,G0365,0
2399,109,G0341,0
2400,109,G0330,0
2401,109,G7361,0
2402,109,H2318,0
2403,109,G0340,0
2404,110,G0278,0
2405,110,G3341,0
2406,110,G8298,0
2407,110,H5164,0
2408,110,H7729,0
2409,110,H5162G,0
2410,110,H5162H,0
2411,110,G3340,0
2412,110,G3338,0
2413,110,H7725J,0
2414,110,H7725N,0
2415,110,H7725O,0
2416,110,H7725G,0
2417,110,H7725I,0
2418,111,H6664H,0
2419,111,H4334,0
2420,111,G1343,0
2421,111,G2118,0
2422,111,H6666,0
2423,111,H6665,0
2424,111,H6664G,0
2425,111,H6663,0
2426,112,H5810,0
2427,112,G2052,0
2428,112,H2714,0
2429,112,H1243,0
2430,112,H1156,0
2431,112,H7592,0
2432,112,G2021,0
2433,112,H2470B,0
2434,112,H7080,0
2435,112,H7122H,0
2436,112,H1239,0
2437,112,H4672,0
2438,112,G1377,0
2439,112,G0327,0
2440,112,H2713,0
2441,112,G2614,0
2442,112,G2212,0
2443,112,H1875,0
2444,112,H1245,0
2445,112,H7836,0
2446,112,G1934,0
2447,112,G1567,0
2448,112,H2620,0
2449,112,H5756,0
2450,112,H8446,0
2451,112,H3947G,0
2452,113,G4993,0
2453,113,G4996,0
2454,113,G0193,0
2455,113,G4997,0
2456,113,G1466,0
2457,113,G1468,0
2458,113,G4998,0
2459,113,G4995,0
2460,113,G0192,0
2461,113,H7307J,0
2462,113,G1467,0
2463,114,H8106B,0
2464,114,G0153,0
2465,114,H0954,0
2466,114,H2659,0
2467,114,H3637,0
2468,114,H0937,0
2469,114,H8103,0
2470,114,H7022,0
2471,114,H7036,0
2472,114,G0819,0
2473,114,H6440L,0
2474,114,G0808,0
2475,114,H2781,0
2476,114,G1791,0
2477,114,G0152,0
2478,114,H1322,0
2479,114,H1317,0
2480,114,H0955,0
2481,114,H3640,0
2482,114,H3639,0
2483,114,H2617B,0
2484,114,G0150,0
2485,114,G0149,0
2486,114,H2283,0
2487,114,G0524,0
2488,114,G6396,0
2489,114,G1788,0
2490,114,G3856,0
2491,114,G0818,0
2492,114,G2617,0
2493,114,H3700,0
2494,114,G5195,0
2495,114,H2616B,0
2496,114,H0887,0
2497,114,H2778A,0
2498,114,H3001,0
2499,114,H5949,0
2500,115,H5512A,0
2501,115,H5512B,0
2502,115,G21497,0
2503,115,H4603,0
2504,115,G3781,0
2505,115,H7451I,0
2506,115,G0051,0
2507,115,H0205G,0
2508,115,H5869K,0
2509,115,H5039,0
2510,115,H0817,0
2511,115,H0819,0
2512,115,H5771G,0
2513,115,H5771H,0
2514,115,H5771I,0
2515,115,H5766A,0
2516,115,G0053,0
2517,115,G4202,0
2518,115,G0266,0
2519,115,G0265,0
2520,115,H2408,0
2521,115,H2403B,0
2522,115,H2403A,0
2523,115,H2401,0
2524,115,H2399,0
2525,115,H2409,0
2526,115,H2402,0
2527,115,H2403I,0
2528,115,H2403H,0
2529,115,G0268,0
2530,115,G0361,0
2531,115,H2400,0
2532,115,G7292,0
2533,115,H5674D,0
2534,115,G0264,0
2535,115,H2398,0
2536,115,G4258,0
2537,115,G4203,0
2538,115,H6586,0
2539,115,H6588,0
2540,115,G3900,0
2541,115,H2154,0
2542,115,H7564,0
2543,116,G1103,0
2544,116,G0505,0
2545,116,G0861,0
2546,116,G1342,0
2547,116,G0572,0
2548,116,G1506,0
2549,116,G0097,0
2550,116,G0055,0
2551,116,G1505,0
2552,116,G0858,0
2553,116,G0228,0
2554,116,H8549H,0
2555,116,H4339,0
2556,117,G1228G,0
2557,117,G0989,0
2558,117,G0988,0
2559,117,H8267,0
2560,117,H0205G,0
2561,117,H8193G,0
2562,117,G3059,0
2563,117,G1426,0
2564,117,G2636,0
2565,117,H1848,0
2566,117,H1681,0
2567,117,H7400,0
2568,117,G1228H,0
2569,117,G2637,0
2570,117,G0987,0
2571,117,H5414P,0
2572,117,H7279,0
2573,117,G1908,0
2574,117,G2635,0
2575,117,H3960,0
2576,117,H1696G,0
2577,117,H7270,0
2578,117,G5396,0
2579,117,H7167,0
2580,117,H3956G,0
2581,117,G2555,0
2582,118,H5173,0
2583,118,G3095,0
2584,118,G5333,0
2585,118,G5331,0
2586,118,H3785,0
2587,118,H6049B,0
2588,118,H3784,0
2589,119,H6040,0
2590,119,H2427B,0
2591,119,H2427A,0
2592,119,G3601,0
2593,119,H1674,0
2594,119,G3600,0
2595,119,H6937,0
2596,119,G4818,0
2597,119,H4044,0
2598,119,H1670,0
2599,119,H6862B,0
2600,119,H7455,0
2601,119,H0205H,0
2602,119,G3997,0
2603,119,G3077,0
2604,119,H8424,0
2605,119,H3515,0
2606,119,H1741,0
2607,119,H6094,0
2608,119,G5604,0
2609,119,H0592,0
2610,119,H0060,0
2611,119,H2256B,0
2612,119,H3511,0
2613,119,H4341,0
2614,119,H6090A,0
2615,119,H0017,0
2616,119,H6735C,0
2617,119,H0585,0
2618,119,H1671,0
2619,119,H3015,0
2620,119,G4036,0
2621,119,G3076,0
2622,119,H1669,0
2623,119,H3510,0
2624,119,H1727,0
2625,119,H2490C,0
2626,119,H3707,0
2627,119,H3013,0
2628,119,H2342I,0
2629,119,H6093,0
2630,119,H6089A,0
2631,119,H4620,0
2632,119,H5999,0
2633,119,H3708B,0
2634,119,H3708A,0
2635,120,H4809H,0
2636,120,H4079,0
2637,120,G0485,0
2638,120,G5379,0
2639,120,H4808,0
2640,120,G3163,0
2641,120,G2054,0
2642,120,G2052,0
2643,120,H4695,0
2644,120,H4683,0
2645,120,H4090,0
2646,120,H4066,0
2647,120,H8409,0
2648,120,H7379,0
2649,120,H1777,0
2650,120,H1481B,0
2651,121,H4696,0
2652,121,G4643,0
2653,121,H3515,0
2654,121,H0047I,0
2655,121,H6203,0
2656,121,H7186,0
2657,121,H5797,0
2658,121,H2389,0
2659,121,H5620,0
2660,121,H8307,0
2661,121,H7190,0
2662,121,G4645,0
2663,121,H7185,0
2664,121,H6484,0
2665,121,H5637,0
2666,122,G5292,0
2667,122,G5293,0
2668,123,H3027H,0
2669,123,H3318G,0
2670,123,H3318P,0
2671,123,G3860,0
2672,123,H4042,0
2673,123,H5307G,0
2674,123,H3052,0
2675,123,H5414G,0
2676,123,H5462,0
2677,124,G4625,0
2678,124,G3986G,0
2679,124,G3986H,0
2680,124,H4531B,0
2681,125,H4036,0
2682,125,G7898,0
2683,125,G1719,0
2684,125,H0928,0
2685,125,H1670,0
2686,125,H6343,0
2687,125,G5401,0
2688,125,H4172B,0
2689,125,H4172A,0
2690,125,H4035,0
2691,125,G5400,0
2692,125,H2189,0
2693,125,H8047H,0
2694,125,H2844B,0
2695,125,H6427,0
2696,125,H0367,0
2697,125,H2283,0
2698,125,H1205,0
2699,125,H1161,0
2700,125,H1091,0
2701,125,H2866,0
2702,125,H2851,0
2703,125,H2849,0
2704,125,H2847,0
2705,125,H2844A,0
2706,125,H4712,0
2707,125,H4637,0
2708,125,H4288,0
2709,125,H4032,0
2710,125,H8606,0
2711,125,H0926,0
2712,125,H6342,0
2713,125,G5399,0
2714,125,H3372G,0
2715,125,H6973,0
2716,125,G7899,0
2717,125,H1204,0
2718,125,H2865,0
2719,125,H2729,0
2720,125,H6206,0
2721,125,H2113,0
2722,125,H2731,0
2723,126,H7802,0
2724,126,G5577,0
2725,126,H6310I,0
2726,126,G4750,0
2727,126,H0226H,0
2728,126,G3142,0
2729,126,G3141,0
2730,126,H5715,0
2731,126,H5713B,0
2732,126,H8584,0
2733,126,H6030B,0
2734,126,H6315,0
2735,126,G5576,0
2736,126,G3140,0
2737,126,H5749B,0
2738,126,H5713A,0
2739,126,H5707,0
2740,126,G3056,0
2741,127,G7243,0
2742,127,H8312,0
2743,127,G3308,0
2744,127,H2711,0
2745,127,H2808,0
2746,127,H5869I,0
2747,127,H2031,0
2748,127,G7244,0
2749,127,H4093,0
2750,127,G1271,0
2751,127,G3540,0
2752,127,H4284,0
2753,127,H4209,0
2754,127,H4180,0
2755,127,G1261,0
2756,127,G1761,0
2757,127,G3141,0
2758,127,G1963,0
2759,127,G1270,0
2760,127,G3053,0
2761,127,H4609A,0
2762,127,H6250,0
2763,127,H6248,0
2764,127,H7808,0
2765,127,H7476,0
2766,127,H7454,0
2767,127,G1771,0
2768,127,G5429,0
2769,127,H4427B,0
2770,127,G3049,0
2771,127,G0515,0
2772,127,H2803I,0
2773,127,H2803J,0
2774,127,G2233,0
2775,127,G2919,0
2776,127,H6246,0
2777,127,H6419,0
2778,127,G5426,0
2779,127,G1760,0
2780,127,H2142,0
2781,127,H7725G,0
2782,127,H0559,0
2783,127,G1380,0
2784,127,G3543,0
2785,127,H6245B,0
2786,127,H0995,0
2787,127,G3309,0
2788,128,G8634,0
2789,128,H4603,0
2790,128,H6580,0
2791,128,G0458,0
2792,128,G3892,0
2793,128,H0898,0
2794,128,H5674A,0
2795,128,H5674D,0
2796,128,H5647H,0
2797,128,G3845,0
2798,128,H6586,0
2799,128,G5233,0
2800,128,G3847,0
2801,128,H6588,0
2802,128,G3848,0
2803,128,G3900,0
2804,128,H4604,0
2805,129,H0539,0
2806,129,G4006,0
2807,129,H4009,0
2808,129,G4102G,0
2809,129,G4102H,0
2810,129,H0530,0
2811,129,H3689,0
2812,129,H7965J,0
2813,129,H4268,0
2814,129,H0983,0
2815,129,H6960A,0
2816,129,H3559K,0
2817,129,G4276,0
2818,129,G1679,0
2819,129,H8172,0
2820,129,H5375O,0
2821,129,G3982,0
2822,129,H1556,0
2823,129,H2620,0
2824,129,H0540,0
2825,129,H0982,0
2826,129,H7365,0
2827,129,G4100,0
2828,129,H2342K,0
2829,129,H3176H,0
2830,129,H0986,0
2831,129,H0985,0
2832,129,G6381,0
2833,130,H0637,0
2834,130,H0543,0
2835,130,G0226,0
2836,130,H7189A,0
2837,130,H3330,0
2838,130,H0529,0
2839,130,H0544,0
2840,130,H0530,0
2841,130,G3689,0
2842,130,H6664G,0
2843,130,G0803,0
2844,130,H3559K,0
2845,130,G0227,0
2846,130,G0230,0
2847,130,H0551,0
2848,130,H0061,0
2849,130,G0225,0
2850,130,H7189B,0
2851,130,H7187,0
2852,130,H0571I,0
2853,130,H0571G,0
2854,130,H0571H,0
2855,130,H5229,0
2856,130,G3483,0
2857,131,G0543,0
2858,131,G0544,0
2859,131,G0570,0
2860,132,G0050,0
2861,132,H7919A,0
2862,132,H5036,0
2863,132,G1425,0
2864,132,G1065,0
2865,132,H7924,0
2866,132,G4908,0
2867,132,G1990,0
2868,132,G1108,0
2869,132,H1847,0
2870,132,H4486,0
2871,132,G1271,0
2872,132,G3563,0
2873,132,G0687,0
2874,132,G3609,0
2875,132,G0801,0
2876,132,H2940,0
2877,132,G5424,0
2878,132,G1921,0
2879,132,G3049,0
2880,132,H7919B,0
2881,132,H3823A,0
2882,132,G3877,0
2883,132,G2638,0
2884,132,G0191,0
2885,132,H8085G,0
2886,132,H8085K,0
2887,132,H8085J,0
2888,132,G1097,0
2889,132,H3046,0
2890,132,H3045,0
2891,132,G1987,0
2892,132,G1107,0
2893,132,G1492I,0
2894,132,G1492G,0
2895,132,H7200I,0
2896,132,H7200H,0
2897,132,G3539,0
2898,132,G4920,0
2899,132,H0995,0
2900,132,G5428,0
2901,132,G4907,0
2902,132,H0999,0
2903,132,H0998,0
2904,132,H8394,0
2905,132,H7922,0
2906,132,H8454,0
2907,133,G4886,0
2908,133,G1520,0
2909,133,G1775,0
2910,134,H3477H,0
2911,134,G2117,0
2912,134,G3716,0
2913,134,H7948,0
2914,134,H8537,0
2915,134,H4334,0
2916,134,H5977,0
2917,134,G2118,0
2918,134,G1346,0
2919,134,H5228,0
2920,134,H8552,0
2921,134,H5749A,0
2922,134,H3474,0
2923,134,H5975I,0
2924,134,H8549H,0
2925,134,G3717,0
2926,134,H5229,0
2927,134,H3477G,0
2928,134,H3477I,0
2929,134,H3483,0
2930,134,H3476,0
2931,134,H4339,0
2932,134,H6968,0
2933,135,H7363A,0
2934,135,H2470I,0
2935,135,G0770H,0
2936,135,H2470H,0
2937,135,G0770G,0
2938,135,H2470A,0
2939,135,G2577G,0
2940,135,H1800,0
2941,135,H7390,0
2942,135,H2470B,0
2943,135,H5848C,0
2944,135,H3543A,0
2945,135,H1809,0
2946,135,H1669,0
2947,135,H4549,0
2948,135,G3935,0
2949,135,G3886,0
2950,135,H6275,0
2951,135,H7503,0
2952,135,H3782,0
2953,135,H0535,0
2954,135,G0102,0
2955,135,G0772G,0
2956,135,H0537,0
2957,135,H0536,0
2958,135,H2523,0
2959,135,H7504,0
2960,135,G7735,0
2961,135,G1133,0
2962,135,G0772H,0
2963,135,G0771,0
2964,135,H2476,0
2965,135,H4816,0
2966,135,G0769H,0
2967,135,G0769G,0
2968,136,H2184,0
2969,136,H2183,0
2970,136,H8457,0
2971,136,H2181,0
2972,137,H1100I,0
2973,137,H7451B,0
2974,137,H7561,0
2975,137,H7451I,0
2976,137,H7451C,0
2977,137,G2549,0
2978,137,G4189,0
2979,137,H7455,0
2980,137,H0205H,0
2981,137,H0205G,0
2982,137,H5771G,0
2983,137,H5766B,0
2984,137,H5766A,0
2985,137,G0458,0
2986,137,H5999,0
2987,137,G0763,0
2988,137,H7563,0
2989,137,H2154,0
2990,137,H4849,0
2991,137,H7564,0
2992,137,H7562,0
2993,138,H2086,0
2994,138,G7124,0
2995,138,H0014,0
2996,138,H2974,0
2997,138,H5069,0
2998,138,H5068,0
2999,138,H2655,0
3000,138,G4289,0
3001,138,H5071,0
3002,138,H5081G,0
3003,138,H2656,0
3004,138,G0830,0
3005,138,G0829,0
3006,138,G4909,0
3007,138,H5157,0
3008,138,G1014,0
3009,138,G4483,0
3010,138,H6634,0
3011,138,G2309,0
3012,138,G3801,0
3013,138,G1133,0
3014,138,G2308,0
3015,138,G2071,0
3016,138,G2307,0
3017,139,H4905,0
3018,139,H7919A,0
3019,139,H2449,0
3020,139,H2942,0
3021,139,H6195,0
3022,139,G4679,0
3023,139,G5428,0
3024,139,H0998,0
3025,139,H8394,0
3026,139,H7922,0
3027,139,G4678,0
3028,139,H2452,0
3029,139,H2451,0
3030,139,H8454,0
3031,139,H2450,0
3032,140,G2285,0
3033,140,G1569,0
3034,140,H8074H,0
3035,140,H6395,0
3036,140,H6383,0
3037,140,G2295,0
3038,140,G2298,0
3039,140,G2297,0
3040,140,G4217,0
3041,140,G4592,0
3042,140,H0226G,0
3043,140,G1839,0
3044,140,H8539,0
3045,140,G7643,0
3046,140,G1260,0
3047,140,H7583,0
3048,140,G2296,0
3049,140,H6381,0
3050,140,H4652,0
3051,140,H4159,0
3052,140,H6382,0
3053,140,H8540,0
3054,140,G5059,0
3055,141,H3373,0
3056,141,G4576,0
3057,141,G1391,0
3058,141,G2318,0
3059,141,G3009,0
3060,141,G2999,0
3061,141,G4574,0
3062,141,H6282B,0
3063,141,G2356,0
3064,141,G1479,0
3065,141,H5656H,0
3066,141,H7812,0
3067,141,H5457,0
3068,141,H2331,0
3069,141,H3372G,0
3070,141,H3372H,0
3071,141,H6213A,0
3072,141,H6213I,0
3073,141,G3000,0
3074,141,H8334,0
3075,141,H5647G,0
3076,141,H5647J,0
3077,141,H5647I,0
3078,141,H5647H,0
3079,141,H6087B,0
3080,141,G2151,0
3081,141,G4573,0
3082,141,G4352,0
3083,141,G4353,0
3084,141,H6282A,0
3085,142,H7737A,0
3086,142,H3644G,0
3087,142,H4373,0
3088,142,G1308,0
3089,142,H6187,0
3090,142,G20258,0
3091,142,G0514,0
3092,143,G3950,0
3093,143,H5674B,0
3094,143,H7107,0
3095,143,H2194,0
3096,143,H2573,0
3097,143,H2740,0
3098,143,H5892A,0
3099,143,H0639I,0
3100,143,H0639G,0
3101,143,H0639H,0
3102,143,H5678,0
3103,143,H2195,0
3104,143,H2197,0
3105,143,H2534,0
3106,143,H2528,0
3107,143,H7110B,0
3108,143,G3949,0
3109,143,H2734,0
3110,143,H7265,0
3111,143,H7267,0
3112,143,H3708B,0
3113,143,H3708A,0
3114,143,G3709,0
3115,143,G2372,0
3116,143,H7110A,0
3117,143,H7109,0
3118,144,H4578,0
3119,144,H4263,0
3120,144,H6315,0
3121,144,H3615J,0
3122,144,H3648,0
3123,144,G1971,0
3124,144,H3642,0
3125,144,H1993,0
3126,144,G20833,0
3127,145,G7807,0
3128,145,G7806,0
3129,145,H0014,0
3130,145,H2981,0
3131,145,G2590,0
3132,145,H4832,0
3133,145,H1645,0
3134,145,H8393,0
3135,145,H3254H,0
3136,145,H5107,0
3137,145,G5342,0
3138,145,G1627,0
3139,145,H3318M,0
3140,145,G1325,0
3141,145,H3052,0
3142,145,H5414G,0
3143,145,H5375K,0
3144,145,H5375H,0
3145,145,H6213H,0
3146,145,H6213A,0
3147,145,G0591,0
3148,145,H7737B,0
3149,145,H6779,0
3150,145,G0985,0
3151,145,H5186,0
3152,145,G1502,0
3153,145,G7805,0
3154,146,H7065,0
3155,146,G4710,0
3156,146,H0149,0
3157,146,H7068,0
3158,146,G2205,0
3159,147,H4578,0
3160,147,H5397,0
3161,147,G5590G,0
3162,147,H5315G,0
3163,147,G5590K,0
3164,147,H5315K,0
3165,147,H5315L,0
3166,147,H5315M,0
3167,147,G5590H,0
3168,147,H5315H,0
3169,147,G5590I,0
3170,147,H5315I,0
3171,147,H5315N,0
3172,147,G5590J,0
3173,147,H5315J,0
3174,148,G4698,0
3175,148,H3512A,0
3176,148,G8485,0
3177,148,H4578,0
3178,148,G7684,0
3179,148,H2436G,0
3180,148,H2243,0
3181,148,G2155,0
3182,148,G8419,0
3183,148,H7130H,0
3184,148,H8056,0
3185,148,G4641,0
3186,148,G2588,0
3187,148,H3826,0
3188,148,H3825,0
3189,148,H3824,0
3190,148,H3821,0
3191,148,H3820A,0
3192,148,H7907,0
3193,148,G2589,0
3194,148,G6657,0
3195,148,H2910,0
3196,148,H3629,0
3197,148,H3516,0
3198,148,H2504,0
3199,148,H1079,0
3200,148,G5590G,0
3201,148,H5315G,0
3202,148,H5315L,0
3203,148,H5315I,0
3204,148,G2293,0
3205,148,H2836A,0
3206,148,H3823A,0
3207,148,G1457,0
3208,148,G1573,0
3209,148,G7798,0
3210,148,H5034B,0
3211,148,H2450,0
3212,149,H1100I,0
3213,149,H4578,0
3214,149,H5397,0
3215,149,G4436,0
3216,149,G5326,0
3217,149,G4861,0
3218,149,G2588,0
3219,149,H3820A,0
3220,149,G0040G,0
3221,149,H0178,0
3222,149,H0328A,0
3223,149,H7496,0
3224,149,H5315G,0
3225,149,H5315H,0
3226,149,H7308,0
3227,149,H7307G,0
3228,149,G4151H,0
3229,149,G4151G,0
3230,149,H7307H,0
3231,149,H7307I,0
3232,149,H7307J,0
3233,149,H5301,0
3234,150,H4578,0
3235,150,G0766,0
3236,150,G7681,0
3237,150,G1939,0
3238,150,H6371,0
3239,150,G4561,0
3240,150,H1321,0
3241,150,H1320,0
3242,150,H7607,0
3243,150,G4559,0
3244,150,H3894,0
3245,150,G2907,0
3246,150,G2699,0
3247,150,H3318G,0
3248,150,G7143,0
3249,150,H8270,0
3250,151,G2174,0
3251,151,H3190,0
3252,151,H2868,0
3253,151,H7440,0
3254,151,H8056,0
3255,151,H2898,0
3256,151,G0020,0
3257,151,G2167,0
3258,151,G5479,0
3259,151,H2304,0
3260,151,H8057,0
3261,151,H2896A,0
3262,151,H1524A,0
3263,151,H4885,0
3264,151,H8342,0
3265,151,G2165,0
3266,151,G0021,0
3267,151,G5463,0
3268,151,H2302,0
3269,151,H1523,0
3270,151,H8055,0
3271,151,H7797,0
3272,151,H2896C,0
3273,152,H7293,0
3274,152,H2220,0
3275,152,G1849,0
3276,152,H1082,0
3277,152,G2480,0
3278,152,H5810,0
3279,152,H4206B,0
3280,152,H4206A,0
3281,152,H6106G,0
3282,152,H5326,0
3283,152,H1433,0
3284,152,H3027H,0
3285,152,H3955,0
3286,152,H1369,0
3287,152,H8632B,0
3288,152,H6099,0
3289,152,H3966,0
3290,152,H8443,0
3291,152,G1411,0
3292,152,G2904,0
3293,152,H8633,0
3294,152,H7296,0
3295,152,H3581A,0
3296,152,H6697H,0
3297,152,G4991,0
3298,152,H4581,0
3299,152,H5315H,0
3300,152,H8617,0
3301,152,G2479,0
3302,152,H0556,0
3303,152,H0555,0
3304,152,H0360,0
3305,152,H0353,0
3306,152,H0202,0
3307,152,H0193A,0
3308,152,H2429,0
3309,152,H2428G,0
3310,152,H2393,0
3311,152,H2392,0
3312,152,H2391,0
3313,152,H1679,0
3314,152,H3581B,0
3315,152,H6109,0
3316,152,H6108,0
3317,152,H5807,0
3318,152,H5797,0
3319,152,H2428H,0
3320,152,H2428A,0
3321,152,H2428I,0
3322,152,G2478,0
3323,152,H0533,0
3324,152,H0386,0
3325,152,H2502B,0
3326,152,G3618,0
3327,152,G1412,0
3328,152,G1840,0
3329,152,G2729,0
3330,152,G1765,0
3331,152,G1743,0
3332,152,G4732,0
3333,152,H2388G,0
3334,152,H5953D,0
3335,152,G0102,0
3336,152,G0194,0
3337,152,G0772G,0
3338,152,H2633,0
3339,152,G6347,0
3340,152,H5934,0
3341,153,G8016,0
3342,153,H4553,0
3343,153,H1832,0
3344,153,H1811,0
3345,153,H3615H,0
3346,153,H4843,0
3347,153,G1145,0
3348,153,G2799,0
3349,153,G6443,0
3350,153,H1830,0
3351,153,H1058,0
3352,153,G2805,0
3353,153,H1068,0
3354,153,H1065,0
3355,154,G7353,0
3356,154,H1860,0
3357,154,G1847,0
3358,154,H5034A,0
3359,154,G7352,0
3360,154,G7351,0
3361,154,H0963,0
3362,154,H0939,0
3363,154,H0937,0
3364,154,H5007B,0
3365,154,H5007A,0
3366,154,H8322,0
3367,154,H4912,0
3368,154,H2781,0
3369,154,H7589,0
3370,154,H0959,0
3371,154,H0936,0
3372,154,H7590,0
3373,154,G3856,0
3374,154,H7034,0
3375,154,H1163,0
3376,154,H7043,0
3377,154,G1848,0
3378,154,G1609,0
3379,154,H5006,0
3380,154,H2778A,0
3381,155,G1280,0
3382,155,G0639,0
3383,155,H7001,0
3384,155,G1261,0
3385,155,G3843,0
3386,155,G1365,0
3387,155,G1252,0
3388,155,G3349,0
3389,155,G0571,0
3390,156,G8619,0
3391,156,H1082,0
3392,156,G2174,0
3393,156,H4010,0
3394,156,G3931,0
3395,156,G3890,0
3396,156,G3889,0
3397,156,H5165,0
3398,156,H5150,0
3399,156,G8618,0
3400,156,H8575,0
3401,156,G3875,0
3402,156,G3874,0
3403,156,G2293,0
3404,156,H5162G,0
3405,156,H5162H,0
3406,156,G3888,0
3407,156,H8172,0
3408,156,G3870,0
3409,156,H5117,0
3410,156,H7502,0
3411,156,H5582,0
3412,157,G3552,0
3413,157,G7114,0
3414,157,G1939,0
3415,157,H1942,0
3416,157,H8378,0
3417,157,G4124,0
3418,157,G1938,0
3419,157,G0154,0
3420,157,H7592,0
3421,157,G3713,0
3422,157,H0404,0
3423,157,G8013,0
3424,157,H0183,0
3425,157,G1971,0
3426,157,G1937,0
3427,157,G0025,0
3428,157,G1934,0
3429,158,G1757,0
3430,158,H3190,0
3431,158,G3107,0
3432,158,H0835,0
3433,158,G3108,0
3434,158,H1293,0
3435,158,G5486,0
3436,158,H1926,0
3437,158,G5485,0
3438,158,G8231,0
3439,158,G2129,0
3440,158,G2128,0
3441,158,G3106,0
3442,158,G6050,0
3443,158,H0833,0
3444,158,H1289,0
3445,158,H1288,0
3446,158,G5487,0
3447,158,G2127,0
3448,158,G2036,0
3449,159,G1415,0
3450,159,G1753,0
3451,159,H2220,0
3452,159,G1849,0
3453,159,H2632,0
3454,159,G1414,0
3455,159,G6975,0
3456,159,G2480,0
3457,159,H5810,0
3458,159,H6105A,0
3459,159,G0746,0
3460,159,H7989,0
3461,159,H4475,0
3462,159,G1756,0
3463,159,H0410L,0
3464,159,G3173,0
3465,159,G3175,0
3466,159,H1419A,0
3467,159,H3028,0
3468,159,H3027G,0
3469,159,H3027P,0
3470,159,H3027J,0
3471,159,H3027V,0
3472,159,H3027R,0
3473,159,H3027T,0
3474,159,H3027M,0
3475,159,H3027W,0
3476,159,H3027N,0
3477,159,H3027H,0
3478,159,H3027Q,0
3479,159,H3027X,0
3480,159,H3027I,0
3481,159,H3027L,0
3482,159,H3027K,0
3483,159,H3027O,0
3484,159,H3027U,0
3485,159,H3027S,0
3486,159,H1370,0
3487,159,H1369,0
3488,159,H6978,0
3489,159,H3524,0
3490,159,H6099,0
3491,159,H5808,0
3492,159,H1368,0
3493,159,H0047I,0
3494,159,G1411,0
3495,159,G2904,0
3496,159,H3981,0
3497,159,H7983,0
3498,159,H8633,0
3499,159,H8592,0
3500,159,G8156,0
3501,159,H3581A,0
3502,159,H7990,0
3503,159,H6184,0
3504,159,H8617,0
3505,159,G2479,0
3506,159,H0202,0
3507,159,H2429,0
3508,159,H2428G,0
3509,159,H2393,0
3510,159,H2392,0
3511,159,H3581B,0
3512,159,H6109,0
3513,159,H5807,0
3514,159,H5797,0
3515,159,G2478,0
3516,159,H2389,0
3517,159,H5794,0
3518,159,H4637,0
3519,159,H6965B,0
3520,159,G1850,0
3521,159,G1840,0
3522,159,G7027,0
3523,159,H4427A,0
3524,159,H7786,0
3525,159,H7981,0
3526,159,G2739,0
3527,159,H2388G,0
3528,159,H8280,0
3529,159,H6381,0
3530,159,G2888,0
3531,160,G1415,0
3532,160,G1849,0
3533,160,G5247,0
3534,160,H2632,0
3535,160,G5242,0
3536,160,G0746,0
3537,160,G0922,0
3538,160,G4173,0
3539,160,G2003,0
3540,160,H7989,0
3541,160,H4915B,0
3542,160,H4475,0
3543,160,H4474,0
3544,160,H7985,0
3545,160,G0747,0
3546,160,H3027W,0
3547,160,H3027H,0
3548,160,G2963,0
3549,160,H7558,0
3550,160,H7983,0
3551,160,H8633,0
3552,160,G1413,0
3553,160,G0758,0
3554,160,H7990,0
3555,160,H1935,0
3556,160,H3678I,0
3557,160,G6094,0
3558,160,G1299,0
3559,160,G0831,0
3560,160,H7980,0
3561,160,G1291,0
3562,160,G1850,0
3563,160,H7235A,0
3564,160,H6485J,0
3565,160,G2715,0
3566,160,H4910,0
3567,160,H7981,0
3568,160,H7287A,0
3569,161,H1370,0
3570,161,H1369,0
3571,161,H6978,0
3572,161,H8632B,0
3573,161,H8632A,0
3574,161,H3581A,0
3575,161,H3581B,0
3576,161,H5797,0
3577,162,G1849,0
3578,162,G0746,0
3579,162,H4951,0
3580,162,H4915B,0
3581,162,H4475,0
3582,162,H4474,0
3583,162,H7985,0
3584,162,H3027W,0
3585,162,H3027H,0
3586,162,G0932,0
3587,162,H4467,0
3588,162,H4410,0
3589,162,H4915A,0
3590,162,G2963,0
3591,162,H2508,0
3592,162,G2904,0
3593,162,H4438,0
3594,162,H4896,0
3595,162,H1166H,0
3596,162,H7980,0
3597,162,G2961,0
3598,162,G2634,0
3599,162,H7300,0
3600,162,H4910,0
3601,162,H7287A,0
3602,162,H7287B,0
3603,163,H7914,0
3604,163,H4906,0
3605,163,H4656,0
3606,163,H0457,0
3607,163,H1544,0
3608,163,H6459,0
3609,163,H6456,0
3610,163,H6091,0
3611,163,H5566,0
3612,163,G1504,0
3613,163,H6816,0
3614,163,H6755,0
3615,163,H6754,0
3616,163,H6736,0
3617,163,G5480,0
3618,163,H1823,0
3619,163,H8544,0
3620,163,H4541A,0
3621,163,H8403,0
3622,163,H2553,0
3623,163,H4676,0
3624,163,G5481,0
3625,163,H8655,0
3626,163,H6087B,0
3627,163,H4541B,0
3628,164,H4171,0
3629,164,H2015,0
3630,164,H7760A,0
3631,164,G3345,0
3632,164,G3339,0
3633,165,H4603,0
3634,165,H7195,0
3635,165,H4820,0
3636,165,H8649B,0
3637,165,H3585,0
3638,165,H0900,0
3639,165,H0899A,0
3640,165,H8649A,0
3641,165,H4604,0
3642,166,G5122,0
3643,166,H2143,0
3644,166,G3686,0
3645,166,H8036,0
3646,166,H8034,0
3647,166,G1941,0
3648,166,G6285,0
3649,166,G2564G,0
3650,166,H7121H,0
3651,166,H7121G,0
3652,166,G2564H,0
3653,166,G3687,0
3654,166,G2028,0
3655,166,H5344A,0
3656,166,G3004H,0
3657,166,H7761G,0
3658,166,H7760A,0
3659,166,H7760M,0
3660,166,H1696I,0
3661,169,H6101,0
3662,169,G3576,0
3663,169,G3636,0
3664,169,H7423B,0
3665,169,G8474,0
3666,169,H6102,0
3667,169,H6103,0
3668,169,H7503,0
3669,170,G1482,0
3670,170,G1483,0
3671,170,H3644H,0
3672,170,G6530,0
3673,170,H1821,0
3674,170,H7739A,0
3675,170,H7737A,0
3676,170,H7739B,0
3677,170,G1504,0
3678,170,H6754,0
3679,170,G3946,0
3680,170,G3664,0
3681,170,G3663,0
3682,170,H3644G,0
3683,170,G8159,0
3684,170,G2465,0
3685,170,G3675,0
3686,170,G2473,0
3687,170,G5616,0
3688,170,G3669,0
3689,170,G3667,0
3690,170,G3665,0
3691,170,H1825,0
3692,170,H1823,0
3693,170,H4915A,0
3694,170,H8544,0
3695,170,G7813,0
3696,170,H8403,0
3697,170,G3634,0
3698,170,G21422,0
3699,170,H7521,0
3700,170,G0407,0
3701,170,G0871,0
3702,170,G4833,0
3703,170,H1819,0
3704,170,H7737B,0
3705,171,H1472,0
3706,171,H5038,0
3707,171,G2966,0
3708,171,G4430,0
3709,171,H6297,0
3710,171,G3498,0
3711,171,G3500,0
3712,171,G2288,0
3713,171,H4194,0
3714,171,H0330,0
3715,171,G2253,0
3716,171,H7496,0
3717,171,H2491A,0
3718,171,H5315M,0
3719,171,G0581,0
3720,171,G5053,0
3721,171,G0599,0
3722,171,H1478,0
3723,171,H4191,0
3724,171,G2348,0
3725,171,G2289,0
3726,171,H7901J,0
3727,171,G3499,0
3728,171,G2837,0
3729,171,H7290,0
3730,172,H1203,0
3731,172,G2450,0
3732,172,G4449,0
3733,172,H5144B,0
3734,172,G8642,0
3735,172,G4020,0
3736,172,G4176,0
3737,172,G6215,0
3738,172,G1398,0
3739,172,G3939,0
3740,172,H2114A,0
3741,172,G5075,0
3742,172,G1414,0
3743,172,G1410,0
3744,172,H3546,0
3745,172,H3202,0
3746,172,H3201,0
3747,172,G0548,0
3748,172,H6280,0
3749,172,G1480,0
3750,172,G1754,0
3751,172,H6339,0
3752,172,G1690,0
3753,172,H5361,0
3754,172,H8246,0
3755,172,H0909,0
3756,172,G5225,0
3757,172,G6028,0
3758,172,G4243,0
3759,172,G8721,0
3760,172,G7589,0
3761,172,G0480,0
3762,172,G5520,0
3763,172,G4360,0
3764,172,G7025,0
3765,172,H0599,0
3766,172,H1149,0
3767,172,H6225,0
3768,172,H5674B,0
3769,172,H7108,0
3770,172,H7107,0
3771,172,G3600,0
3772,172,H1672,0
3773,172,H8075,0
3774,172,G7533,0
3775,172,G5309,0
3776,172,G7973,0
3777,172,H5674H,0
3778,172,G0153,0
3779,172,H0954,0
3780,172,H2659,0
3781,172,G1870,0
3782,172,G1605,0
3783,172,G1514,0
3784,172,G7303,0
3785,172,G4894,0
3786,172,G1553,0
3787,172,G1568,0
3788,172,H8192,0
3789,172,G6589,0
3790,172,H3302,0
3791,172,H7921A,0
3792,172,G6108,0
3793,172,H7835,0
3794,172,G1757,0
3795,172,H6949,0
3796,172,G0662,0
3797,172,G5111,0
3798,172,H2992,0
3799,172,H1197B,0
3800,172,G4925,0
3801,172,G4916,0
3802,172,G8926,0
3803,172,G7635,0
3804,172,G5431,0
3805,172,G8825,0
3806,172,G2114,0
3807,172,H1082,0
3808,172,G20125,0
3809,172,G3515,0
3810,172,G7752,0
3811,172,H2141,0
3812,172,G2929,0
3813,172,G1902,0
3814,172,H3736,0
3815,172,G6948,0
3816,172,H8000,0
3817,172,G5187,0
3818,172,G2292,0
3819,172,G6083,0
3820,172,G8313,0
3821,172,G4104,0
3822,172,G2686,0
3823,172,H6937,0
3824,172,G8687,0
3825,172,H6705,0
3826,172,H6009,0
3827,172,G7619,0
3828,172,G1139,0
3829,172,H3456,0
3830,172,H8074H,0
3831,172,H8074G,0
3832,172,G6141,0
3833,172,H3868,0
3834,172,G4980,0
3835,172,G4576,0
3836,172,G0120,0
3837,172,G6185,0
3838,172,G6023,0
3839,172,H3512A,0
3840,172,H0888,0
3841,172,H6395,0
3842,172,G0085,0
3843,172,H3735,0
3844,172,H3334,0
3845,172,G8083,0
3846,172,H8382,0
3847,172,G6081,0
3848,172,H5433B,0
3849,172,H7937,0
3850,172,G8466,0
3851,172,G8463,0
3852,172,H5405,0
3853,172,H0481,0
3854,172,G2206,0
3855,172,G4704,0
3856,172,G6300,0
3857,172,H8524,0
3858,172,G1572,0
3859,172,G7301,0
3860,172,G1693,0
3861,172,G4583,0
3862,172,G7618,0
3863,172,G6461,0
3864,172,H7489A,0
3865,172,G0198,0
3866,172,H7426,0
3867,172,H5783,0
3868,172,H5888,0
3869,172,G8485,0
3870,172,H0539,0
3871,172,G8199,0
3872,172,G6297,0
3873,172,H2826,0
3874,172,G2204,0
3875,172,G4445,0
3876,172,H3267,0
3877,172,H2342B,0
3878,172,G0757,0
3879,172,G4409,0
3880,172,G8898,0
3881,172,G2520,0
3882,172,G0433,0
3883,172,G3471,0
3884,172,H2973,0
3885,172,H5528,0
3886,172,G4391,0
3887,172,G7576,0
3888,172,H2666,0
3889,172,H7488A,0
3890,172,H7375,0
3891,172,G2164,0
3892,172,H6509,0
3893,172,H6500,0
3894,172,H5487,0
3895,172,G1073,0
3896,172,G1282,0
3897,172,G3356,0
3898,172,G2174,0
3899,172,G4768,0
3900,172,G1740,0
3901,172,H0142,0
3902,172,H0235,0
3903,172,H3191,0
3904,172,H3190,0
3905,172,H2868,0
3906,172,H2604,0
3907,172,H2603A,0
3908,172,H7868,0
3909,172,H7867,0
3910,172,H0973B,0
3911,172,G4818,0
3912,172,H5701,0
3913,172,H0816,0
3914,172,H2685,0
3915,172,G5252,0
3916,172,G5229,0
3917,172,G5198,0
3918,172,H2492A,0
3919,172,G2990,0
3920,172,G5242,0
3921,172,H5014,0
3922,172,G1736,0
3923,172,H0340,0
3924,172,H3665,0
3925,172,H6800A,0
3926,172,H3637,0
3927,172,H7456,0
3928,172,G0812,0
3929,172,G0691,0
3930,172,G0050,0
3931,172,G6542,0
3932,172,H3415,0
3933,172,G0101,0
3934,172,G1751,0
3935,172,G6786,0
3936,172,G2793,0
3937,172,G8658,0
3938,172,G5605,0
3939,172,H2254C,0
3940,172,G8694,0
3941,172,G6975,0
3942,172,G3322,0
3943,172,H0605,0
3944,172,G0023,0
3945,172,H2194,0
3946,172,G8242,0
3947,172,G8320,0
3948,172,G3912,0
3949,172,H2954,0
3950,172,G1952,0
3951,172,G21401,0
3952,172,G8229,0
3953,172,H7065,0
3954,172,H3161,0
3955,172,G5541,0
3956,172,H2616A,0
3957,172,G7767,0
3958,172,G7518,0
3959,172,G7405,0
3960,172,H6879,0
3961,172,G2274,0
3962,172,H1821,0
3963,172,H7739A,0
3964,172,H7737A,0
3965,172,H6819,0
3966,172,H2114B,0
3967,172,H2603B,0
3968,172,G2863,0
3969,172,H4998,0
3970,172,H8214,0
3971,172,H1238A,0
3972,172,H7696,0
3973,172,H0377,0
3974,172,H4229C,0
3975,172,G6802,0
3976,172,H7372,0
3977,172,G7565,0
3978,172,G8147,0
3979,172,G6452,0
3980,172,G1130,0
3981,172,G6772,0
3982,172,G3467,0
3983,172,G1163,0
3984,172,G4927,0
3985,172,H6313,0
3986,172,G8854,0
3987,172,H6031A,0
3988,172,G4993,0
3989,172,H2204,0
3990,172,G6893,0
3991,172,G8376,0
3992,172,G1832,0
3993,172,G1280,0
3994,172,G0639,0
3995,172,H7672,0
3996,172,H5276,0
3997,172,G7235,0
3998,172,H2895,0
3999,172,G4433,0
4000,172,H4134,0
4001,172,H7326,0
4002,172,G7428,0
4003,172,G1735,0
4004,172,H3365,0
4005,172,G1764,0
4006,172,G3918,0
4007,172,G3873,0
4008,172,G4840,0
4009,172,G4851,0
4010,172,G4241,0
4011,172,H0749,0
4012,172,G2141,0
4013,172,H2103,0
4014,172,H7919A,0
4015,172,H2891,0
4016,172,G4623,0
4017,172,H2790B,0
4018,172,H8367,0
4019,172,G2270,0
4020,172,H1951,0
4021,172,H6257,0
4022,172,G1789,0
4023,172,H6348,0
4024,172,G1259,0
4025,172,H2560C,0
4026,172,H2556B,0
4027,172,G8997,0
4028,172,H6338,0
4029,172,H5314,0
4030,172,G1847,0
4031,172,G7255,0
4032,172,H2859B,0
4033,172,G4147,0
4034,172,H7311B,0
4035,172,H7954,0
4036,172,H3780,0
4037,172,G8963,0
4038,172,G6804,0
4039,172,H5034A,0
4040,172,G1316,0
4041,172,H7739B,0
4042,172,H2300A,0
4043,172,G3489,0
4044,172,H7114A,0
4045,172,H6191,0
4046,172,G3552,0
4047,172,H2456,0
4048,172,H1738,0
4049,172,H5136,0
4050,172,H4834,0
4051,172,G4601,0
4052,172,G8146,0
4053,172,H2814,0
4054,172,H5535,0
4055,172,H6101,0
4056,172,H6994,0
4057,172,G3525,0
4058,172,G8513,0
4059,172,G7567,0
4060,172,H3799,0
4061,172,H8429,0
4062,172,G5492,0
4063,172,H8626,0
4064,172,G8546,0
4065,172,G2480,0
4066,172,H5810,0
4067,172,H7038,0
4068,172,H3688,0
4069,172,G0714,0
4070,172,H4985,0
4071,172,H7401,0
4072,172,G3909,0
4073,172,G2693,0
4074,172,G1168,0
4075,172,G7140,0
4076,172,G8363,0
4077,172,G0226,0
4078,172,H1995B,0
4079,172,H6188,0
4080,172,G8468,0
4081,172,H4603,0
4082,172,G6596,0
4083,172,G0764,0
4084,172,G0790,0
4085,172,G6629,0
4086,172,G3716,0
4087,172,H6132,0
4088,172,G7376,0
4089,172,H5532,0
4090,172,H6105A,0
4091,172,G1278,0
4092,172,H2151B,0
4093,172,G1612,0
4094,172,H2718,0
4095,172,G0069,0
4096,172,H7363A,0
4097,172,H2470I,0
4098,172,G0770H,0
4099,172,H2470H,0
4100,172,G0770G,0
4101,172,H2470A,0
4102,172,H3811,0
4103,172,G2577H,0
4104,172,G2577G,0
4105,172,H3021,0
4106,172,G6656,0
4107,172,G7435,0
4108,172,G8186,0
4109,172,G21410,0
4110,172,H7561,0
4111,172,H7304,0
4112,172,G6124,0
4113,172,G7124,0
4114,172,H0014,0
4115,172,H2974,0
4116,172,H5069,0
4117,172,H5068,0
4118,172,G0416,0
4119,172,H2449,0
4120,172,G8128,0
4121,172,G6441,0
4122,172,G8422,0
4123,172,G5607,0
4124,172,G7994,0
4125,172,G2277,0
4126,172,G1498,0
4127,172,G5600,0
4128,172,G0992,0
4129,172,G6306,0
4130,172,H7965I,0
4131,172,G4659,0
4132,172,H3426,0
4133,172,H0383,0
4134,172,G4895,0
4135,172,G1510,0
4136,172,G1096,0
4137,172,H1961,0
4138,172,H1934,0
4139,172,H1933B,0
4140,172,G7223,0
4141,172,H7292,0
4142,172,G0568G,0
4143,172,H1984C,0
4144,172,H2734,0
4145,172,G6131,0
4146,172,H7662,0
4147,172,G0445,0
4148,172,H2902B,0
4149,172,H5162G,0
4150,172,H5162H,0
4151,172,H1069,0
4152,172,G2865,0
4153,172,G0581,0
4154,172,G2240,0
4155,172,G2348,0
4156,172,G3195,0
4157,172,H1933A,0
4158,172,G2192,0
4159,172,G2749,0
4160,172,H7901J,0
4161,172,H2421,0
4162,172,H0973A,0
4163,172,G5383,0
4164,172,G5534,0
4165,172,H2790A,0
4166,172,G0566,0
4167,172,G0567,0
4168,172,G3415,0
4169,172,H2865,0
4170,172,G3801,0
4171,172,G2071,0
4172,172,G2077,0
4173,172,G2468,0
4174,173,H2790B,0
4175,173,H0241G,0
4176,173,H0241H,0
4177,173,G0189,0
4178,173,H4994,0
4179,173,G0430,0
4180,173,G0191,0
4181,173,H8085G,0
4182,173,H8085K,0
4183,173,H8085H,0
4184,173,H8085I,0
4185,173,H8085J,0
4186,173,H8085L,0
4187,173,G3878,0
4188,173,H0238,0
4189,173,H7181,0
4190,173,G6354,0
4191,173,G1874,0
4192,173,G1873,0
4193,173,G1801,0
4194,173,G1522,0
4195,173,G7214,0
4196,173,H6963A,0
4197,173,H6963L,0
4198,174,H3502,0
4199,174,G4147,0
4200,174,H1995A,0
4201,174,H7769,0
4202,174,H2532A,0
4203,174,G3776,0
4204,174,H3519,0
4205,174,G0979,0
4206,174,G5536,0
4207,174,G2933,0
4208,174,G1411,0
4209,174,H3366,0
4210,174,H7399,0
4211,174,G2142,0
4212,174,H6223,0
4213,174,G4149,0
4214,174,H6239,0
4215,174,H0202,0
4216,174,H2428G,0
4217,174,H3581B,0
4218,174,H2428H,0
4219,174,H2428A,0
4220,174,H2428I,0
4221,174,H1952,0
4222,174,H6238,0
4223,174,H6213I,0
4224,174,H3018,0
4225,174,H4301,0
4226,174,G3126,0
4227,174,G5094,0
4228,174,H1991,0
4229,174,H2633,0
4230,174,H5233,0
4231,174,H5232,0
4232,175,H4751,0
4233,175,G0786,0
4234,175,G0415,0
4235,175,H6184,0
4236,175,H5794,0
4237,175,H2556C,0
4238,177,H0605,0
4239,177,H2470I,0
4240,177,G6345,0
4241,177,G6103,0
4242,177,G7474,0
4243,177,H5375J,0
4244,177,G2983,0
4245,178,G7906,0
4246,178,G0685,0
4247,178,G2671,0
4248,178,G2652,0
4249,178,H3994,0
4250,178,H8381,0
4251,178,H7045,0
4252,178,G1944,0
4253,178,G0331,0
4254,178,H5173,0
4255,178,H0423,0
4256,178,H7621,0
4257,178,G0987,0
4258,178,H1288,0
4259,178,G2672,0
4260,178,G2653,0
4261,178,G6522,0
4262,178,H0779,0
4263,178,H5344B,0
4264,178,H6895,0
4265,178,G2551,0
4266,178,G2617,0
4267,178,H7043,0
4268,178,G2616,0
4269,178,H5344A,0
4270,178,H0422,0
4271,178,H7650,0
4272,178,G0332,0
4273,178,H1697G,0
4274,179,H8668G,0
4275,179,H8668H,0
4276,179,G4991,0
4277,179,H3468,0
4278,179,H3444,0
4279,179,H4190,0
4280,179,G4992,0
4281,179,H3467,0
4282,180,H0797,0
4283,180,G1228G,0
4284,180,H1471G,0
4285,180,H1471B,0
4286,180,H5971H,0
4287,180,H1471H,0
4288,180,H5971I,0
4289,180,H6041,0
4290,180,G7680,0
4291,180,H6040,0
4292,180,H6039,0
4293,180,G3322,0
4294,180,H5668,0
4295,180,G1888,0
4296,180,H5971B,0
4297,180,G5361,0
4298,180,H1471A,0
4299,180,G0060,0
4300,180,G4954,0
4301,180,G3673,0
4302,180,G5476,0
4303,180,G3303,0
4304,180,H5971A,0
4305,180,H5971L,0
4306,180,H5971K,0
4307,180,G1228H,0
4308,180,G3547,0
4309,180,G2960,0
4310,180,G1037,0
4311,180,G1887,0
4312,180,G1206,0
4313,180,G1005,0
4314,180,G1359,0
4315,180,G3588,0
4316,180,H6033,0
4317,180,H6031B,0
4318,180,G7983,0
4319,180,G3891,0
4320,180,H2179,0
4321,180,H2181,0
4322,180,H3885B,0
4323,180,G5496,0
4324,180,G4311,0
4325,180,H0956,0
4326,180,H3885A,0
4327,180,G0832,0
4328,180,G2789,0
4329,180,G5284,0
4330,180,G1273,0
4331,180,G0835,0
4332,180,H2567,0
4333,180,G3832,0
4334,182,H3868,0
4335,182,G3835,0
4336,182,H3891,0
4337,182,H4209,0
4338,182,H2505B,0
4339,179,H5337,0
4340,83,G6063,0
4341,179,G4982,0
4342,179,H1350,0
4343,76,G5456,0
4344,99,G4336,0
4345,153,H2199,0
4346,98,H7891,0
4347,180,H0034,0
4348,179,H6299,0
4349,26,H7703,0
4351,111,G1344,0
4352,98,H7321,0
4353,180,H3490,0
4354,180,H6231,0
4355,141,H3766,0
4356,126,H5254,0
4357,180,G4434,0
4358,141,G2323,0
4359,92,H3213,0
4360,126,H0974,0
4361,64,G3404,0
4362,154,H3887,0
4363,136,H5003,0
4364,141,G1247,0
4365,20,H7358,0
4366,105,H4775,0
4368,180,H6035,0
4369,98,G5316,0
4370,153,H6818,0
4371,99,G1189,0
4372,32,H3584,0
4373,139,G4680,0
4374,76,H8088,0
4375,11,H7457,0
4376,129,H4733,0
4377,102,H1305,0
4378,179,H3724,0
4379,179,G4506,0
4380,32,H3576,0
4381,129,H4869,0
4382,154,H3932,0
4383,34,G0700,0
4384,32,H5377,0
4385,141,H6915,0
4386,68,G5013,0
4387,135,H5889,0
4388,139,H2445,0
4389,107,H2904,0
4390,73,G0094,0
4391,141,H6633,0
4392,107,H7412,0
4393,11,G3983,0
4394,136,G4204,0
4395,11,G3042,0
4396,10,H5916,0
4397,76,G2675,0
4398,32,G5574,0
4399,154,H2048,0
4400,75,H2938,0
4401,179,G1929,0
4402,141,H6399,0
4403,111,G1345,0
4404,76,G2005,0
4405,153,H7775,0
4406,179,H7804,0
4407,135,H3286,0
4408,154,G2706,0
4409,115,G4205,0
4410,32,G5579,0
4411,154,G3679,0
4412,83,G1110,0
4413,120,G0483,0
4414,34,H6149,0
4415,102,H6337,0
4416,154,G1702,0
4417,76,G4537,0
4418,102,G0048,0
4419,129,H4498,0
4420,76,H7032,0
4421,96,H5183,0
4422,143,H5590,0
4423,154,H3933,0
4424,136,G3431,0
4425,136,H6945,0
4426,179,G1295,0
4427,98,G3170,0
4428,76,G0299,0
4429,79,H7067,0
4430,64,H7852,0
4431,32,G1818,0
4432,83,G4267,0
4433,100,G5244,0
4434,129,G5287,0
4435,105,G3027,0
4436,98,G2906,0
4437,98,G0103,0
4438,152,H8624,0
4439,152,H8631,0
4440,136,H6948,0
4441,76,H3635,0
4442,10,H6470,0
4443,92,H3215,0
4444,26,H5856,0
4445,152,G4731,0
4446,76,G0273,0
4447,98,G2989,0
4448,140,G1611,0
4449,68,G5014,0
4451,180,H4542,0
4452,135,G1590,0
4453,154,G3680,0
4454,141,G2827,0
4455,76,G4931,0
4456,125,H8186,0
4457,98,H8663,0
4458,96,H1824,0
4459,179,H6302,0
4460,44,G1476,0
4462,154,H8148,0
4463,124,G1185,0
4464,50,G2360,0
4465,120,G3164,0
4466,88,G4820,0
4467,179,G1805,0
4468,179,H5338,0
4470,76,G3833,0
4471,98,H7452,0
4472,154,H7046,0
4473,26,H5754,0
4474,10,H1804,0
4475,34,G2100,0
4476,102,G0283,0
4477,26,H3832,0
4478,26,H4654,0
4479,135,H1742,0
4480,154,H7047,0
4481,52,H8604,0
4482,135,H2522,0
4483,107,H3032,0
4484,96,G1055,0
4485,120,H1566,0
4486,76,G5353,0
4487,154,G3058,0
4488,7,H2198,0
4489,76,G3648,0
4490,100,G5197,0
4491,34,G0587,0
4492,59,G0146,0
4493,154,H8591,0
4494,98,G2358,0
4495,7,G2042,0
4496,26,G2692,0
4497,96,G2271,0
4498,141,G5256,0
4499,98,G2019,0
4500,152,H2634,0
4501,114,G1165,0
4502,99,H6739,0
4503,107,H4048,0
4504,136,H5004,0
4505,100,H3093,0
4506,154,H4426,0
4507,154,H3934,0
4508,153,H6873,0
4509,154,H2107,0
4510,63,H7188,0
4511,154,H5607,0
4512,152,H3624,0
4513,102,G4101,0
4514,98,G2905,0
4515,79,H7072,0
4516,129,G1879,0
4517,76,G0573,0
4518,179,G3084,0
4519,20,G3388,0
4520,179,G3083,0
4521,105,G1881,0
4522,136,G3430,0
4523,67,G0603,0
4524,120,G4866,0
4525,141,G2578,0
4526,180,H2489,0
4527,180,G5005,0
4528,111,G1347,0
4529,152,H0554,0
4530,96,H8253,0
4531,92,G0214,0
4532,141,G4332,0
4533,105,H4780,0
4534,60,H0109,0
4535,135,H6296,0
4536,67,G0362,0
4537,180,G0642,0
4538,32,G5573,0
4539,120,G3055,0
4540,46,G0983,0
4541,26,H8395,0
4542,105,G1999,0
4543,100,G5450,0
4544,151,G2431,0
4545,180,G3993,0
4546,76,G0298,0
4547,120,G3054,0
4548,134,G3718,0
4549,120,G2371,0
4550,146,G1618,0
4551,120,G1264,0
4552,83,G2467,0
4553,76,G2279,0
4554,152,G0972,0
4555,143,G5433,0
4556,179,G3086,0
4557,64,H8374,0
4558,34,G0699,0
4559,88,G3437,0
4560,58,G2170,0
4561,143,H7266,0
4562,64,H8131,0
4563,153,H2200,0
4564,102,H5343,0
4565,88,H0239,0
4566,98,G2017,0
4567,44,G4343,0
4568,64,H1604,0
4569,154,H7048,0
4570,135,H5969,0
4571,154,H1422,0
4572,98,H1906,0
4573,114,H6173,0
4574,105,H4779,0
4575,7,G4292,0
4577,120,H6229,0
4578,67,G1561,0
4579,154,G3643,0
4580,122,G5226,0
4581,105,G3893,0
4582,180,G0540,0
4583,136,H5005,0
4584,135,H5263,0
4585,100,H4062,0
4586,60,H0099,0
4587,26,H7591,0
4588,129,H2622,0
4589,114,H8218,0
4590,152,H0820,0
4591,76,G0658,0
4592,180,G3737,0
4593,57,G4380,0
4594,60,G5003,0
4595,92,G3649,0
4596,140,H1724,0
4597,135,H7510,0
4598,73,H5760,0
4599,154,H2049,0
4600,26,H3589,0
4601,64,H2092,0
4602,179,H6308,0
4603,92,H0421,0
4604,120,G1864,0
4605,153,H2980,0
4606,124,H4065,0
4607,154,H4485,0
4608,20,H7362,0
4609,135,G0674,0
4610,98,G4034,0
4611,107,G2630,0
4612,75,G0143,0
4613,10,G4305,0
4614,107,G6006,0
4615,61,G0389,0
4616,98,G4744,0
4617,98,G1584,0
4618,107,H1972,0
4619,4,H2214,0
4620,28,H5543,0
4621,100,G2754,0
4622,154,H3944,0
4623,62,H2054,0
4624,26,H4072,0
4625,143,H2121,0
4626,100,H7295,0
4627,153,H7773,0
4628,26,G2679,0
4629,75,G2529,0
4630,26,G4938,0
4631,32,G5582,0
4632,141,H6642,0
4633,154,G4065,0
4634,180,H3238,0
4635,180,H3905,0
4636,76,H4974,0
4637,180,H5826,0
4638,149,H5396,0
4639,34,H7470,0
4640,43,H0927,0
4641,173,H8086,0
4642,180,H5142,0
4643,39,H2095,0
4644,68,G5011,0
4645,68,G0036,0
4646,12,G2317,0
4647,171,G2659,0
4648,180,G3805,0
4649,180,G2552,0
4650,4,G0655,0
4651,145,G4964,0
4652,52,G4654,0
4653,52,G4656,0
4654,173,G4257,0
4655,99,G2172,0
4656,180,G4310,0
4657,20,G4841,0
4658,20,G4777,0
4659,46,H7854,0
4660,180,H6135,0
4661,120,H7128,0
4662,60,H7908,0
4663,102,H4935,0
4664,175,H0394,0
4665,175,H0393,0
4666,175,H0395,0
4667,17,H1790,0
4668,17,H2116,0
4669,63,H2795,0
4670,113,H4148,0
4671,108,H5938,0
4672,63,H2459,0
4673,32,H2514,0
4674,89,H7913,0
4675,89,H5388,0
4676,109,H8644,0
4677,109,H7500,0
4678,109,H0724,0
4679,73,H5868,0
4680,83,H8451,0
4681,59,H5392,0
4682,122,H1290,0
4683,68,H8217,0
4684,68,H7807,0
4685,99,H7596,0
4686,103,H2162,0
4687,32,H2665,0
4688,24,H4490,0
4689,180,H8216,0
4690,39,H6175,0
4691,43,H7494,0
4692,121,H3986,0
4693,121,H3987,0
4694,156,H7309,0
4695,96,H4774,0
4696,96,H5118,0
4697,96,H4771,0
4698,96,H7282,0
4699,96,H4494,0
4700,113,H4622,0
4701,113,H4623,0
4702,129,H0987,0
4703,43,H8178,0
4704,129,H1747,0
4705,156,H5205,0
4706,99,H8467,0
4707,20,H2949,0
4708,84,H6772,0
4709,84,H6771,0
4710,32,H0693,0
4711,120,H1413,0
4712,143,H5358,0
4713,109,H6974,0
4714,96,H2308,0
4715,102,H2135,0
4716,37,H1692,0
4717,123,H4560,0
4718,32,H5956,0
4719,145,H0225,0
4720,32,H8266,0
4721,138,H2782,0
4722,155,H4102,0
4723,138,H2852,0
4724,77,H0908,0
4725,51,H7931,0
4726,11,H0398,0
4727,120,H3898,0
4728,32,H3655,0
4729,50,H1272,0
4730,89,H5382,0
4731,89,H7876,0
4732,112,H8159,0
4733,54,H3051,0
4734,115,H8582,0
4735,115,H7683,0
4736,146,H2363,0
4737,109,H7495,0
4738,32,H3582,0
4739,32,H5641,0
4740,51,H3867,0
4741,137,H2026,0
4742,157,H2637,0
4743,36,H3856,0
4744,83,H3925,0
4745,154,H6962,0
4746,112,H5027,0
4747,32,H6601,0
4748,120,H7853,0
4749,97,H5791,0
4750,97,H5557,0
4751,29,H6148,0
4752,32,H5230,0
4753,99,H5258,0
4754,99,H8210,0
4755,152,H1396,0
4756,112,H7291,0
4757,43,H2727,0
4758,126,H5608,0
4759,102,H6884,0
4760,121,H3985,0
4761,113,H6113,0
4762,113,H3607,0
4763,113,H2413,0
4764,44,H7323,0
4765,141,H2076,0
4766,112,H2664,0
4767,101,H2372,0
4768,43,H4131,0
4769,43,H6426,0
4770,52,H0981,0
4771,152,H5564,0
4772,126,H5046,0
4773,84,H6770,0
4774,129,H7993,0
4775,88,H6845,0
4776,43,H7460,0
4777,43,H2111,0
4778,43,H7322,0
4779,105,H5472,0
4780,23,H5087,0
4781,67,H2442,0
4782,115,H7686,0
4783,102,H7364,0
4784,93,H5341,0
4785,137,H6466,0
4786,17,H6481,0
4787,165,H0901,0
4788,43,H7578,0
4789,52,H1892,0
4790,143,H5359,0
4791,137,H5240,0
4792,137,H2149,0
4793,137,H2555,0
4794,23,H5088,0
4795,115,H5112,0
4796,180,H3023,0
4797,180,H3287,0
4798,180,H3019,0
4799,68,H8438,0
4800,52,H2821,0
4801,52,H6004,0
4802,137,H7523,0
4803,184,H7499,0
4804,184,H1455,0
4805,184,H5324,0
4806,184,H2280,0
4807,184,H1277,0
4808,184,H1274,0
4809,184,H1879,0
4810,184,H8585B,0
4811,184,H3545,0
4812,184,H2418,0
4813,184,H2425,0
4814,184,H7495,0
4815,184,H2421,0
4816,184,H7965G,0
4817,184,H7965H,0
4818,184,H7965I,0
4819,184,H7965J,0
4820,184,H7965K,0
4821,184,H7965L,0
4822,184,H4832,0
4823,184,H5414P,0
4824,184,H0724,0
4825,184,H4974,0
4826,184,H2492A,0
4827,184,H4010,0
4828,184,H7500,0
4829,184,H8644,0
4830,184,H0820,0
4831,184,H2949,0
4832,184,G2390,0
4833,184,G2392,0
4834,184,G5199,0
4835,184,G2386,0
4836,184,G2322,0
4837,184,G3647,0
4838,184,G1295,0
4839,184,G2323,0
4840,184,G0018,0
4841,184,G4982,0
4842,184,G4991,0
4843,184,G2480,0
4844,184,G5198,0
4845,184,G0573,0
4846,184,G7534,0
4847,177,H6869B,0
4848,177,H6040,0
4849,177,H7185,0
4850,177,H4341,0
4851,177,H3511,0
4852,177,H4251,0
4853,177,H6039,0
4854,177,H6094,0
4855,183,G5185,0
4856,183,H5787,0
4857,183,G6507,0
4858,183,H5788B,0
4859,183,H5788A,0
4860,183,H5575,0
4861,183,G5186,0
4862,183,H5786,0
4863,183,H5956,0
4864,183,H8173B,0
4865,183,H3543A,0
4866,183,G4456,0
4867,183,G1689,0
4868,183,G7167,0
4869,183,H7843,0
4870,183,H8173A,0
