key,value,use,inactive
prose.chapter_names,"{""0"":""Preamble"",""1"":""Programme purpose"",""2"":""Research methodology"",""3"":""Research approach"",""4"":""Data architecture"",""5"":""Data integrity & governance"",""6"":""Instruction corpus""}",Chapter-number -> readable-name lookup for the extract's Markdown/Word output. Read by prosestore.py:chapter_names(cfg). Fixes build_programme_prose_extract.py's NON-COMPLIANT (#648) flag.,0
prose.book_stage_map,"{""Programme"":[""programme""],""Detail design"":[""session_a"",""session_b"",""session_b_phase9"",""session_c"",""session_d""],""Findings"":[""synthesis"",""verse-analysis"",""findings""],""Essays"":[""essay""]}","Allowed --book values for prose.extract/Prose.ps1's CLI validation only (run_extract's 'book not in book_stage_map(cfg)' check) -- NOT the filter that decides which prose_section_type rows land in which book; that filter (extract_programme_prose) already queries book_label directly. D10 RESOLVED (escalation #890 D6, 2026-08-26): the previous text here claimed a stage-based filtering behaviour and a resulting 1-row misfile (id 78, prog_purp_observations_framework) -- checked against the live call sites and found false; id 78 was already correctly filed under its own book_label ('Detail design'), not 'Programme'. No functional bug, only a stale claim; see iba/app/lib/prosestore.py:book_stage_map()'s own corrected docstring. Read by prosestore.py:book_stage_map(cfg).",0
prose.search_default_limit,100,Default result cap for search_prose.py/prose.search. Read by prosestore.py:search_default_limit(cfg). Fixes search_prose.py's #648 flag.,0
prose.edit_file_dir,Workflow/Programme/prose-edits,"Directory export_chapter writes editable .md into, and import_chapter archives from ({value}/archive/) on success. Replaces the hardcoded CHAPTER_EDIT_OUT_DIR constant. Read by prosestore.py:edit_file_dir(cfg).",0
prose.output_dir,"""Workflow/Programme/programme_prose""",where prosestore.run_extract writes its JSON/Markdown extract,0
prose.docx_output_dir,"""outputs/docx""",where prosestore.run_extract writes its optional .docx export,0
prose.search_output_dir,"""outputs/markdown""",where prosestore.run_search and run_flag_fix_propose write their result files,0
prose.patch_output_dir,"""Sessions/Patches""",where prosestore.run_import_chapter/run_flag_fix_apply/run_set_status write the PROSE supersede patch they generate,0
prose.book_output_dir,"{""Programme"":""Workflow/Programme/programme_prose"",""Detail design"":""_raw_data/raw_data_prose"",""Findings"":""_analytics/findings_prose"",""Essays"":""_analytics/essay_prose""}","Per-book WORKING-FILE output directory for prosestore.run_extract, keyed by prose_section_type.book_label -- these folders hold prose operation working files, not a replica of prose content (researcher, escalation #1000). Replaces the single flat prose.output_dir for book-aware extract/export calls (escalation #989). Read by prosestore.py:output_dir_for(cfg, book_label). prose.output_dir stays as the Programme-only/no-book-given default (unchanged).",0
