id,config_version,seed_hash,loaded_at,validated
1,app-0.1.0,6d99b2d0554df65e,2026-07-18T03:26:55Z,1
2,app-0.1.0,6d99b2d0554df65e,2026-07-18T03:27:45Z,1
3,app-0.1.0,6d99b2d0554df65e,2026-07-18T03:27:46Z,1
4,app-0.1.0,6fb4416dec799109,2026-07-18T07:30:27Z,1
5,app-0.1.0,3fb2bd8ae7d47887,2026-07-18T09:28:06Z,1
6,app-0.1.0,7d5d2ff1c8ba067f,2026-07-18T15:36:16Z,1
7,app-0.1.0,86468beaae09fe28,2026-07-18T17:41:53Z,1
8,app-0.1.0,bootstrap:configuration-maintenance-2026-07-21,2026-07-21T14:20:25Z,1
9,app-0.1.0,bootstrap:configuration-maintenance-2026-07-21,2026-07-21T14:20:30Z,1
10,app-0.1.0,bootstrap:configuration-maintenance-2026-07-21,2026-07-21T14:22:11Z,1
11,app-0.1.0,bootstrap:configuration-maintenance-2026-07-21,2026-07-21T14:24:17Z,1
12,app-0.1.0,bootstrap:configuration-maintenance-2026-07-21,2026-07-21T14:25:14Z,1
