osisId,verse_lexical_id,position,code_ordinal,strong,morph_code,role,status,surface,language,testament,is_negator,narrative_morph,gloss_consistent_in_verse,party_kind,cluster,resolved_sense
Gen.46.18,885439,0,0,H0428,HTm,content,resolved,These,Hebrew,OT,,,1,,,"stepGloss: these — these; used before antecedent; used following antecedent; Aramaic equivalent: el.leh (אֵלֶּה ""these"" H0429)"
Gen.46.18,885440,1,0,H1121A,HNcmpc,content,resolved,sons,Hebrew,OT,,,1,,,"stepGloss: son: child — A sub-meaning of ben (בֵּן "": child"" H1121); § : child/son"
Gen.46.18,885441,2,0,H2153,HNpf,content,resolved,Zilpah,Hebrew,OT,,,1,,,"stepGloss: Zilpah — A woman living at the time of the Patriarchs, first mentioned at Gen.29.24;; only referred to as Zilpah (זִלְפָּה);; wife of Israel ;; mother of Gad and Asher . § the Syrian given by Laban to Leah as a handmaid, a concubine of Jacob, mother of Asher and Gad"
Gen.46.18,885442,3,0,H0834A,HTr,content,resolved,whom,Hebrew,OT,,,1,,,"stepGloss: which — A: 1) (relative part.); which, who; that which; (conj); that (in obj clause); when; since; as; conditional if; B: Beth+ 1) in (that) which; (adv); where; (conj); in that, inasmuch as; on account of; C: Mem+ 1) from (or than) that which; from (the place) where; from (the fact) that, since; D: Kaph+; (conj.), according as, as, when; according to that which, according as, as; with a causal force: in so far as, since; with a temporal force: when"
Gen.46.18,885443,4,0,H3837A,HNpm,content,resolved,Laban,Hebrew,OT,,,1,,,"stepGloss: Laban — A man living at the time of the Patriarchs, first mentioned at Gen.24.29;; only referred to as Laban (לָבָן);; son of Bethuel ;; a brother of Rebekah ;; father of Rachel and Leah . § son of Bethuel, brother of Rebekah, and father of Leah and Rachel"
Gen.46.18,885444,5,0,H5414G,HVqp3ms,content,resolved,gave,Hebrew,OT,,,1,,Operations,"stepGloss: to give: give — to give, put, set; to give, bestow, grant, permit, ascribe, employ, devote, consecrate, dedicate, pay wages, sell, exchange, lend, commit, entrust, give over, deliver up, yield produce, occasion, produce, requite to, report, mention, utter, stretch out, extend; to put, set, put on, put upon, set, appoint, assign, designate; to make, constitute"
Gen.46.18,885445,6,0,H3812,HNpf,content,resolved,Leah,Hebrew,OT,,,1,,,"stepGloss: Leah — A woman living at the time of the Patriarchs, first mentioned at Gen.29.16;; only referred to as Leah (לֵאָה);; daughter of Laban ;; a sister of Rachel ;; wife of Israel ;; mother of Reuben , Simeon , Levi , Judah , Issachar , Zebulun and Dinah . § daughter of Laban, first wife of Jacob, and mother of Reuben, Simeon, Levi, Judah, Issachar, Zebulun, and Dinah"
Gen.46.18,885446,6,1,H9005,HR,function,resolved,Leah,Hebrew,OT,,,1,,,stepGloss: to/for — Prefix lamed: to
Gen.46.18,885447,7,0,H1323G,HNcfsc,content,resolved,daughter,Hebrew,OT,,,1,,,"stepGloss: daughter — daughter; daughter, girl, adopted daughter, daughter-in-law, sister, granddaughters, female child, cousin; as polite address; as designation of women of a particular place; young women, women; as personification; daughter-villages; description of character; Also means: bat (בַּת "": village"" H1323H)"
Gen.46.18,885448,8,0,H3205,HVqw3fs,content,resolved,bore,Hebrew,OT,,wayyiqtol,1,,Operations,"stepGloss: to beget — to bear, bringforth, beget, gender, travail; to bear, bring forth; of child birth; of distress (simile); of wicked (behaviour); to beget"
Gen.46.18,885449,8,1,H9023,HSp3ms,function,resolved,bore,Hebrew,OT,,,1,,,"stepGloss: his — Personal possessive pronoun - suffix for nouns, adjectives and passive participles: 3rd person masculine singular"
Gen.46.18,885450,9,0,H3290,HNpm,content,resolved,Jacob,Hebrew,OT,,,1,,,"stepGloss: Jacob — A man living at the time of the Patriarchs, first mentioned at Gen.25.26;; referred to as Israel or [ ] or Israelite or ""God"" (KJV= Israel) (יִשְׂרָאֵל), or Israel (Aramiac יִשְׂרָאֵל), or Jacob or ""he"" (KJV= Jacob) (יַעֲקֹב), or Jeshurun (יְשֻׁרוּן), or Israelite (יִשְׂרְאֵלִי), or Israelitess (יִשְׂרְאֵלִית), or Israel or Israelite (Ἰσραήλ), or Jacob (Ἰακώβ), or Israelite or Israel (Ἰσραηλίτης);; son of Isaac and Rebekah ;; a brother of Esau ;; husband of Rachel , Leah , Zilpah and Bilhah ;; father of Reuben , Simeon , Levi , Judah , Dan , Naphtali , Gad , Asher , Issachar , Zebulun , Dinah , Joseph and Benjamin . § son of Isaac, grandson of Abraham, and father of the 12 patriarchs of the tribes of Israel"
Gen.46.18,885451,9,1,H9005,HR,function,resolved,Jacob,Hebrew,OT,,,1,,,stepGloss: to/for — Prefix lamed: to
Gen.46.18,885452,9,2,H0853,HTo,function,resolved,Jacob,Hebrew,OT,,,1,,Supplementary,"stepGloss: [Obj.] — sign of the definite direct object, not translated in English but generally preceding and indicating the accusative; Aramaic equivalent: yat (יָת ""whom"" H3487)"
Gen.46.18,885453,9,3,H0428,HTm,content,resolved,Jacob,Hebrew,OT,,,1,,,"stepGloss: these — these; used before antecedent; used following antecedent; Aramaic equivalent: el.leh (אֵלֶּה ""these"" H0429)"
Gen.46.18,885454,10,0,H6240,HAcbsc,content,resolved,sixteen,Hebrew,OT,,,1,,,"stepGloss: ten — ten, -teen (in combination with other numbers); used only in combination to make the numbers 11-19"
Gen.46.18,885455,10,1,H8337,HAcbsc,content,resolved,sixteen,Hebrew,OT,,,1,,,"stepGloss: six — six; six (cardinal number); sixth (ordinal number); in combination with other numbers; Aramaic equivalent: shet (שֵׁת ""six"" H8353)"
Gen.46.18,885456,11,0,H5315J,HNcfsa,content,resolved,persons,Hebrew,OT,,,1,,Constitution,"stepGloss: soul: person — soul, self, life, creature, person, appetite, mind, living being, desire, emotion, passion; that which breathes, the breathing substance or being, soul, the inner being of man; living being; living being (with life in the blood); the man himself, self, person or individual; seat of the appetites; seat of emotions and passions; activity of mind; uncertain; activity of the will; uncertain; activity of the character; uncertain"
Lev.17.16,891333,0,0,H3808,HTn,content,resolved,not,Hebrew,OT,1,,1,,Negator,"stepGloss: not — not, no; not (with verb-absolute prohibition); not (with modifier-negation); nothing (subst); without (with particle); before (of time); Aramaic equivalent: la (לָא ""not"" H3809)"
Lev.17.16,891334,1,0,H3526H,HVpi3ms,content,resolved,wash,Hebrew,OT,,,1,,Operations,"stepGloss: to wash — to wash (by treading), be washed, perform the work of a fuller; to wash (garments, person)"
Lev.17.16,891335,1,1,H0518A,HTc,content,resolved,wash,Hebrew,OT,,,1,,Supplementary,"stepGloss: if — if; conditional clauses; of possible situations; of impossible situations; oath contexts; no, not; if...if, whether...or, whether...or...or; when, whenever; since; interrogative particle; but rather"
Lev.17.16,891336,1,2,H9002,HC,function,resolved,wash,Hebrew,OT,,,1,,Connective,"stepGloss: and — Conjunctive vav - i.e. followed by prefix, suffix or non-verb (conjunctive) (‘and/but’)"
Lev.17.16,891337,2,0,H7364,HVqi3ms,content,resolved,bathe,Hebrew,OT,,,1,,Operations,"stepGloss: to wash: wash — to wash, wash off, wash away, bathe; to wash, wash off, wash away; to wash, bathe (oneself)"
Lev.17.16,891338,2,1,H9023,HSp3ms,function,resolved,bathe,Hebrew,OT,,,1,,,"stepGloss: his — Personal possessive pronoun - suffix for nouns, adjectives and passive participles: 3rd person masculine singular"
Lev.17.16,891339,2,2,H3808,HTn,content,resolved,bathe,Hebrew,OT,1,,1,,Negator,"stepGloss: not — not, no; not (with verb-absolute prohibition); not (with modifier-negation); nothing (subst); without (with particle); before (of time); Aramaic equivalent: la (לָא ""not"" H3809)"
Lev.17.16,891340,3,0,H1320,HNcmsc,content,resolved,flesh,Hebrew,OT,,,1,,Constitution,"stepGloss: flesh — flesh; of the body; of humans; of animals; the body itself; male organ of generation (euphemism); kindred, blood-relations; flesh as frail or erring (man against God); all living things; animals; mankind; Aramaic equivalent: be.shar (בְּשַׁר ""flesh"" H1321)"
Lev.17.16,891341,3,1,H9002,HC,function,resolved,flesh,Hebrew,OT,,,1,,Connective,"stepGloss: and — Conjunctive vav - i.e. followed by prefix, suffix or non-verb (conjunctive) (‘and/but’)"
Lev.17.16,891342,4,0,H5375J,HVqq3ms,content,resolved,bear,Hebrew,OT,,,1,,Sin,"stepGloss: to lift: guilt — to lift, bear up, carry, take; to lift, lift up; to bear, carry, support, sustain, endure; to take, take away, carry off, forgive"
Lev.17.16,891343,5,0,H9023,HSp3ms,function,resolved,his,Hebrew,OT,,,1,,,"stepGloss: his — Personal possessive pronoun - suffix for nouns, adjectives and passive participles: 3rd person masculine singular"
Lev.17.16,891344,6,0,H5771G,HNcmsc,content,resolved,iniquity,Hebrew,OT,,,1,,Sin,"stepGloss: iniquity: crime — perversity, depravity, iniquity, guilt or punishment of iniquity; iniquity; guilt of iniquity, guilt (as great), guilt (of condition); consequence of or punishment for iniquity"
Judg.11.40,957152,0,0,H1323G,HNcfpc,content,resolved,daughters,Hebrew,OT,,,1,,,"stepGloss: daughter — daughter; daughter, girl, adopted daughter, daughter-in-law, sister, granddaughters, female child, cousin; as polite address; as designation of women of a particular place; young women, women; as personification; daughter-villages; description of character; Also means: bat (בַּת "": village"" H1323H)"
Judg.11.40,957153,1,0,H3478,HNpl,content,resolved,Israel,Hebrew,OT,,,1,,,"stepGloss: Israel — A man living at the time of the Patriarchs, first mentioned at Gen.25.26;; referred to as Israel or [ ] or Israelite or ""God"" (KJV= Israel) (יִשְׂרָאֵל), or Israel (Aramiac יִשְׂרָאֵל), or Jacob or ""he"" (KJV= Jacob) (יַעֲקֹב), or Jeshurun (יְשֻׁרוּן), or Israelite (יִשְׂרְאֵלִי), or Israelitess (יִשְׂרְאֵלִית), or Israel or Israelite (Ἰσραήλ), or Jacob (Ἰακώβ), or Israelite or Israel (Ἰσραηλίτης);; son of Isaac and Rebekah ;; a brother of Esau ;; husband of Rachel , Leah , Zilpah and Bilhah ;; father of Reuben , Simeon , Levi , Judah , Dan , Naphtali , Gad , Asher , Issachar , Zebulun , Dinah , Joseph and Benjamin ."
Judg.11.40,957154,2,0,H1980G,HVqi3fp,content,resolved,went,Hebrew,OT,,,1,,Operations,"stepGloss: to go: went — to go, walk, come; to go, walk, come, depart, proceed, move, go away; to die, live, manner of life (fig.)"
Judg.11.40,957155,2,1,H9011,HSd,function,resolved,went,Hebrew,OT,,,1,,,"stepGloss: [to] — Suffix hé – directional: ""towards"""
Judg.11.40,957156,3,0,H3117I,HNcmpa,content,resolved,year,Hebrew,OT,,,1,,,"stepGloss: day: year — day, time, year; day (as opposed to night); day (24 hour period); as defined by evening and morning in Genesis 1; as a division of time; a working day, a day's journey; days, lifetime (pl.); time, period (general); year; temporal references; today; yesterday; tomorrow"
Judg.11.40,957157,3,1,H9006,HR,function,resolved,year,Hebrew,OT,,,1,,Supplementary,stepGloss: from — Prefix mem: from
Judg.11.40,957158,4,0,H3117I,HNcmpa,content,resolved,year,Hebrew,OT,,,1,,,"stepGloss: day: year — day, time, year; day (as opposed to night); day (24 hour period); as defined by evening and morning in Genesis 1; as a division of time; a working day, a day's journey; days, lifetime (pl.); time, period (general); year; temporal references; today; yesterday; tomorrow"
Judg.11.40,957159,5,0,H8567,HVpcc,content,resolved,lament,Hebrew,OT,,,1,,Operations,"stepGloss: to recount — (Piel) to recount, rehearse, tell again"
Judg.11.40,957160,5,1,H9005,HR,function,resolved,lament,Hebrew,OT,,,1,,,stepGloss: to/for — Prefix lamed: to
Judg.11.40,957161,6,0,H1323G,HNcfsc,content,resolved,daughter,Hebrew,OT,,,1,,,"stepGloss: daughter — daughter; daughter, girl, adopted daughter, daughter-in-law, sister, granddaughters, female child, cousin; as polite address; as designation of women of a particular place; young women, women; as personification; daughter-villages; description of character; Also means: bat (בַּת "": village"" H1323H)"
Judg.11.40,957162,6,1,H9005,HR,function,resolved,daughter,Hebrew,OT,,,1,,,stepGloss: to/for — Prefix lamed: to
Judg.11.40,957163,7,0,H3316H,HNpm,content,resolved,Jephthah,Hebrew,OT,,,1,,,"stepGloss: Jephthah — A Judge living before Israel's Monarchy, first mentioned at Jdg.11.1;; referred to as Jephthah (יִפְתָּח), or Jephthah (KJV= Jephthae) (Ἰεφθάε);; a son of Gilead ."
Judg.11.40,957164,8,0,H1569,HNgmsa,content,resolved,Gileadite,Hebrew,OT,,,1,,,"stepGloss: Gileadite — A location in Manasseh Tribe first mentioned at Gen.31.21;; referred to as Gilead or Gileadite (גִּלְעָד), or Gileadite or Gilead (גִּלְעָדִי)."
Judg.11.40,957165,8,1,H9009,HTd,function,resolved,Gileadite,Hebrew,OT,,,1,,,"stepGloss: [the] — Prefix hé article: ""the"" for a subject, not object"
Judg.11.40,957166,9,0,H0702,HNcbsc,content,resolved,four,Hebrew,OT,,,1,,,stepGloss: four — four
Judg.11.40,957167,10,0,H3117I,HNcmpa,content,resolved,days,Hebrew,OT,,,1,,,"stepGloss: day: year — day, time, year; day (as opposed to night); day (24 hour period); as defined by evening and morning in Genesis 1; as a division of time; a working day, a day's journey; days, lifetime (pl.); time, period (general); year; temporal references; today; yesterday; tomorrow"
Judg.11.40,957168,11,0,H8141,HNcfsa,content,resolved,year,Hebrew,OT,,,1,,,"stepGloss: year — year; as division of time; as measure of time; as indication of age; a lifetime (of years of life); Aramaic equivalent: she.nah (שְׁנָה ""year"" H8140)"
Judg.11.40,957169,11,1,H9003,HRd,function,resolved,year,Hebrew,OT,,,1,,,"stepGloss: in/on/with — Prefix beth: in, among, with"
Prov.31.30,434412,0,0,H2580,HNcmsa,content,resolved,Charm,Hebrew,OT,,,1,,Blessing,"stepGloss: favor — favour, grace, charm; favour, grace, elegance; favour, acceptance"
Prov.31.30,434413,0,1,H9009,HTd,function,resolved,Charm,Hebrew,OT,,,1,,,"stepGloss: [the] — Prefix hé article: ""the"" for a subject, not object"
Prov.31.30,434414,1,0,H8267,HNcmsa,content,resolved,deceitful,Hebrew,OT,,,1,,Deceit,"stepGloss: deception — lie, deception, disappointment, falsehood; deception (what deceives or disappoints or betrays one); deceit, fraud, wrong; fraudulently, wrongfully (as adverb); falsehood (injurious in testimony); testify falsehood, false oath, swear falsely; falsity (of false or self-deceived prophets); lie, falsehood (in general); false tongue; in vain"
Prov.31.30,434415,2,0,H3308,HNcmsa,content,resolved,beauty,Hebrew,OT,,,1,,Supplementary,stepGloss: beauty — beauty
Prov.31.30,434416,2,1,H9009,HTd,function,resolved,beauty,Hebrew,OT,,,1,,,"stepGloss: [the] — Prefix hé article: ""the"" for a subject, not object"
Prov.31.30,434417,3,0,H1892,HNcmsa,content,resolved,vain,Hebrew,OT,,,1,,Deceit,"stepGloss: vanity — vapour, breath; breath, vapour; vanity (fig.); adv; vainly"
Prov.31.30,434418,3,1,H9002,HC,function,resolved,vain,Hebrew,OT,,,1,,Connective,"stepGloss: and — Conjunctive vav - i.e. followed by prefix, suffix or non-verb (conjunctive) (‘and/but’)"
Prov.31.30,434419,4,0,H0802G,HNcfsa,content,resolved,woman,Hebrew,OT,,,1,,,"stepGloss: woman — woman, wife, female; woman (opposite of man); wife (woman married to a man); female (of animals); each, every (pronoun)"
Prov.31.30,434420,5,0,H3373,HAafsc,content,resolved,fears,Hebrew,OT,,,1,,Fear,"stepGloss: afraid — fearing, reverent, afraid"
Prov.31.30,434421,6,0,H3068G,HNpt,content,resolved,Lord,Hebrew,OT,,,1,divine,Party-Divine,"stepGloss: LORD — The Deity;; called LORD or LORD (KJV= Jehovah) (יהוה); or LORD (KJV= Jehovah) (יְהֹוִה); or LORD (יָהּ); or Lord (אֲדֹנָי); or God (KJV= Elohim) (אֱלֹהִים); or Baal (KJV= Baali; NIV= Master) (בַּעֲלִי); or Almighty (שַׁדַּי); or Most High (עַל); or Most High (Aramiac עִלַּי); or Most High (KJV= ""most High"") or Most High (KJV= Highest) (עֶלְיוֹן); or Most High (Aramiac עֶלְיוֹן); or God/ Most High (KJV= ""most high God"") (אֵל עֶלְיוֹן); or God (אֵל=God); or El/-Elohe (אֵל אֱלֹהִים); or El/-Elohe Israel (=Alt tag) (אֵל אֱלֹהֵי יִשְׂרָאֵל); or Banner (KJV= Nissi) (נֵס); or Banner (KJV= Nissi) (=Alt tag) (יְהֹוָה נִסִּי); or Peace (KJV= Shalom) (שָׁלוֹם); or Peace (KJV= Shalom) (=Alt tag) (יְהֹוָה שָׁלוֹם); or Provider (KJV= Jireh) (יִרְאֶה); or Provider (KJV= Jireh) (=Alt tag) (יִרְאֶה); or LORD our Righteousness (NIV= Righteous Saviour) (צִדְקֵנוּ); or LORD our Righteousness (NIV= Righteous Saviour) (יְהֹוָה צִדְקֵנוּ (=Alt tag)); or Everlasting (NIV= Eternal) (עוֹלָם); or Jealous (קַנָּא); or Hosts (NIV= Almighty) (צָבָא); or Highest (ὕψιστος); or ""hosts"" (KJV= ""sabaoth;"" NIV= Almighty) (σαβαώθ); or Abba (ἀββά); or Eli (ἠλί); or Eloi (ἐλωΐ)"
Prov.31.30,434422,7,0,H1984B,HVti3fs,content,resolved,praised,Hebrew,OT,,,1,,Praise,"stepGloss: to boast: praise — to praise, boast, be boastful; to boast, glory, make one's boast"
Prov.31.30,434423,7,1,H1931,HPp3fs,content,resolved,praised,Hebrew,OT,,,1,,Supplementary,"stepGloss: he/she/it — pron 3p s; he, she, it; himself (with emphasis); resuming subj with emphasis; (with minimum emphasis following predicate); (anticipating subj); (emphasising predicate); that, it (neuter) demons pron; that (with article)"
Ps.94.22,415053,0,0,H3068G,HNpt,content,resolved,Lord,Hebrew,OT,,,1,divine,Party-Divine,"stepGloss: LORD — The Deity;; called LORD or LORD (KJV= Jehovah) (יהוה); or LORD (KJV= Jehovah) (יְהֹוִה); or LORD (יָהּ); or Lord (אֲדֹנָי); or God (KJV= Elohim) (אֱלֹהִים); or Baal (KJV= Baali; NIV= Master) (בַּעֲלִי); or Almighty (שַׁדַּי); or Most High (עַל); or Most High (Aramiac עִלַּי); or Most High (KJV= ""most High"") or Most High (KJV= Highest) (עֶלְיוֹן); or Most High (Aramiac עֶלְיוֹן); or God/ Most High (KJV= ""most high God"") (אֵל עֶלְיוֹן); or God (אֵל=God); or El/-Elohe (אֵל אֱלֹהִים); or El/-Elohe Israel (=Alt tag) (אֵל אֱלֹהֵי יִשְׂרָאֵל); or Banner (KJV= Nissi) (נֵס); or Banner (KJV= Nissi) (=Alt tag) (יְהֹוָה נִסִּי); or Peace (KJV= Shalom) (שָׁלוֹם); or Peace (KJV= Shalom) (=Alt tag) (יְהֹוָה שָׁלוֹם); or Provider (KJV= Jireh) (יִרְאֶה); or Provider (KJV= Jireh) (=Alt tag) (יִרְאֶה); or LORD our Righteousness (NIV= Righteous Saviour) (צִדְקֵנוּ); or LORD our Righteousness (NIV= Righteous Saviour) (יְהֹוָה צִדְקֵנוּ (=Alt tag)); or Everlasting (NIV= Eternal) (עוֹלָם); or Jealous (קַנָּא); or Hosts (NIV= Almighty) (צָבָא); or Highest (ὕψιστος); or ""hosts"" (KJV= ""sabaoth;"" NIV= Almighty) (σαβαώθ); or Abba (ἀββά); or Eli (ἠλί); or Eloi (ἐλωΐ)"
Ps.94.22,415054,0,1,H1961,HVqw3ms,content,resolved,Lord,Hebrew,OT,,wayyiqtol,1,,Supplementary,"stepGloss: to be — to be, become, come to pass, exist, happen, fall out; ---; to happen, fall out, occur, take place, come about, come to pass; to come about, come to pass; to come into being, become; to arise, appear, come; to become; to become; to become like; to be instituted, be established; to be; to exist, be in existence; to abide, remain, continue (with word of place or time); to stand, lie, be in, be at, be situated (with word of locality); to accompany, be with"
Ps.94.22,415055,1,0,H4869A,HNcmsa,content,resolved,stronghold,Hebrew,OT,,,1,,,"stepGloss: high refuge — high place, refuge, secure height, retreat; stronghold; refuge (of God)"
Ps.94.22,415056,1,1,H9005,HR,function,resolved,stronghold,Hebrew,OT,,,1,,,stepGloss: to/for — Prefix lamed: to
Ps.94.22,415057,1,2,H9005,HR,function,resolved,stronghold,Hebrew,OT,,,1,,,stepGloss: to/for — Prefix lamed: to
Ps.94.22,415058,1,3,H9030,HSp1bs,function,resolved,stronghold,Hebrew,OT,,,1,,Supplementary,stepGloss: me — Personal object pronoun - suffix for propositions and verbs without an object: 1st person singular
Ps.94.22,415059,2,0,H0430G,HNcmpc,content,resolved,God,Hebrew,OT,,,1,divine,Party-Divine,"stepGloss: God — The Deity;; called LORD or LORD (KJV= Jehovah) (יהוה); or LORD (KJV= Jehovah) (יְהֹוִה); or LORD (יָהּ); or Lord (אֲדֹנָי); or God (KJV= Elohim) (אֱלֹהִים); or Baal (KJV= Baali; NIV= Master) (בַּעֲלִי); or Almighty (שַׁדַּי); or Most High (עַל); or Most High (Aramiac עִלַּי); or Most High (KJV= ""most High"") or Most High (KJV= Highest) (עֶלְיוֹן); or Most High (Aramiac עֶלְיוֹן); or God/ Most High (KJV= ""most high God"") (אֵל עֶלְיוֹן); or God (אֵל=God); or El/-Elohe (אֵל אֱלֹהִים); or El/-Elohe Israel (=Alt tag) (אֵל אֱלֹהֵי יִשְׂרָאֵל); or Banner (KJV= Nissi) (נֵס); or Banner (KJV= Nissi) (=Alt tag) (יְהֹוָה נִסִּי); or Peace (KJV= Shalom) (שָׁלוֹם); or Peace (KJV= Shalom) (=Alt tag) (יְהֹוָה שָׁלוֹם); or Provider (KJV= Jireh) (יִרְאֶה); or Provider (KJV= Jireh) (=Alt tag) (יִרְאֶה); or LORD our Righteousness (NIV= Righteous Saviour) (צִדְקֵנוּ); or LORD our Righteousness (NIV= Righteous Saviour) (יְהֹוָה צִדְקֵנוּ (=Alt tag)); or Everlasting (NIV= Eternal) (עוֹלָם); or Jealous (קַנָּא); or Hosts (NIV= Almighty) (צָבָא); or Highest (ὕψιστος); or ""hosts"" (KJV= ""sabaoth;"" NIV= Almighty) (σαβαώθ); or Abba (ἀββά); or Eli (ἠλί); or Eloi (ἐλωΐ) §This name means ""gods"" (plural intensive-singular meaning), ""God"""
Ps.94.22,415060,2,1,H9002,HC,function,resolved,God,Hebrew,OT,,,1,,Connective,"stepGloss: and — Conjunctive vav - i.e. followed by prefix, suffix or non-verb (conjunctive) (‘and/but’)"
Ps.94.22,415061,3,0,H6697H,HNcmsc,content,resolved,rock,Hebrew,OT,,,1,,Supplementary,"stepGloss: rock — rock, cliff; rocky wall, cliff; rock (with flat surface); block of stone, boulder; rock (specific); rock (of God); rock (of heathen gods) n pr dei; Rock; Aramaic equivalent: tur (טוּר ""mountain"" H2906)"
Ps.94.22,415062,3,1,H9005,HR,function,resolved,rock,Hebrew,OT,,,1,,,stepGloss: to/for — Prefix lamed: to
Ps.94.22,415063,3,2,H9020,HSp1bs,function,resolved,rock,Hebrew,OT,,,1,,,"stepGloss: my — Personal possessive pronoun - suffix for nouns, adjectives and passive participles: 1st person singular"
Ps.94.22,415064,4,0,H4268,HNcmsc,content,resolved,refuge,Hebrew,OT,,,1,,Trust,"stepGloss: refuge — refuge, shelter; from rain or storm, from danger; of falsehood"
Ps.94.22,415065,4,1,H9020,HSp1bs,function,resolved,refuge,Hebrew,OT,,,1,,,"stepGloss: my — Personal possessive pronoun - suffix for nouns, adjectives and passive participles: 1st person singular"
Eccl.5.14,883118,0,0,H1931,HPp3ms,content,resolved,and those,Hebrew,OT,,,1,,Supplementary,"stepGloss: he/she/it — pron 3p s; he, she, it; himself (with emphasis); resuming subj with emphasis; (with minimum emphasis following predicate); (anticipating subj); (emphasising predicate); that, it (neuter) demons pron; that (with article)"
Eccl.5.14,883119,0,1,H9009,HTd,function,resolved,and those,Hebrew,OT,,,1,,,"stepGloss: [the] — Prefix hé article: ""the"" for a subject, not object"
Eccl.5.14,883120,1,0,H6239,HNcmsa,content,resolved,riches,Hebrew,OT,,,1,,Abundance,"stepGloss: riches — wealth, riches"
Eccl.5.14,883121,1,1,H9009,HTd,function,resolved,riches,Hebrew,OT,,,1,,,"stepGloss: [the] — Prefix hé article: ""the"" for a subject, not object"
Eccl.5.14,883122,2,0,H0006,HVqq3ms,content,resolved,lost,Hebrew,OT,,,1,,Operations,"stepGloss: to perish — perish, vanish, go astray, be destroyed; perish, die, be exterminated; perish, vanish (fig.); be lost, strayed"
Eccl.5.14,883123,3,0,H7451A,HAamsa,content,resolved,bad,Hebrew,OT,,,1,,Wickedness,"stepGloss: bad: harmful — adj; bad, evil; bad, disagreeable, malignant; bad, unpleasant, evil (giving pain, unhappiness, misery); evil, displeasing; bad (of its kind-land, water, etc); bad (of value); worse than, worst (comparison); sad, unhappy; evil (hurtful); bad, unkind (vicious in disposition); bad, evil, wicked (ethically); in general, of persons, of thoughts; deeds, actions"
Eccl.5.14,883124,4,0,H6045,HNcmsc,content,resolved,venture,Hebrew,OT,,,1,,Supplementary,"stepGloss: task — occupation, task, job"
Eccl.5.14,883125,4,1,H9003,HR,function,resolved,venture,Hebrew,OT,,,1,,,"stepGloss: in/on/with — Prefix beth: in, among, with"
Eccl.5.14,883126,5,0,H3205,HVhq3ms,content,resolved,father,Hebrew,OT,,,1,,Operations,"stepGloss: to beget — to bear, bringforth, beget, gender, travail; to beget (a child); to bear (fig. -of wicked bringing forth iniquity)"
Eccl.5.14,883127,6,0,H1121A,HNcmsa,content,resolved,son,Hebrew,OT,,,1,,,"stepGloss: son: child — A sub-meaning of ben (בֵּן "": child"" H1121); § : child/son"
Eccl.5.14,883128,7,0,H0369,HNcmsc,content,resolved,nothing,Hebrew,OT,,,1,,,"stepGloss: nothing — nothing, not, nought n; nothing, nought neg; not; to have not (of possession) adv; without w/prep; for lack of"
Eccl.5.14,883129,7,1,H9002,HC,function,resolved,nothing,Hebrew,OT,,,1,,Connective,"stepGloss: and — Conjunctive vav - i.e. followed by prefix, suffix or non-verb (conjunctive) (‘and/but’)"
Eccl.5.14,883130,7,2,H3972,HNcfsa,content,resolved,nothing,Hebrew,OT,,,1,,,stepGloss: anything — anything
Eccl.5.14,883131,8,0,H9023,HSp3ms,function,resolved,his,Hebrew,OT,,,1,,,"stepGloss: his — Personal possessive pronoun - suffix for nouns, adjectives and passive participles: 3rd person masculine singular"
Eccl.5.14,883132,9,0,H3027G,HNcbsc,content,resolved,hand,Hebrew,OT,,,1,,Supplementary,"stepGloss: hand — hand; hand (of man); strength, power (fig.); side (of land), part, portion (metaph.) (fig.); (various special, technical senses); sign, monument; part, fractional part, share; time, repetition; axle-trees, axle; stays, support (for laver); tenons (in tabernacle); a phallus, a hand (meaning unsure); wrists"
Eccl.5.14,883133,9,1,H9003,HR,function,resolved,hand,Hebrew,OT,,,1,,,"stepGloss: in/on/with — Prefix beth: in, among, with"
Isa.4.5,441866,0,0,H3068G,HNpt,content,resolved,Lord,Hebrew,OT,,,1,divine,Party-Divine,"stepGloss: LORD — The Deity;; called LORD or LORD (KJV= Jehovah) (יהוה); or LORD (KJV= Jehovah) (יְהֹוִה); or LORD (יָהּ); or Lord (אֲדֹנָי); or God (KJV= Elohim) (אֱלֹהִים); or Baal (KJV= Baali; NIV= Master) (בַּעֲלִי); or Almighty (שַׁדַּי); or Most High (עַל); or Most High (Aramiac עִלַּי); or Most High (KJV= ""most High"") or Most High (KJV= Highest) (עֶלְיוֹן); or Most High (Aramiac עֶלְיוֹן); or God/ Most High (KJV= ""most high God"") (אֵל עֶלְיוֹן); or God (אֵל=God); or El/-Elohe (אֵל אֱלֹהִים); or El/-Elohe Israel (=Alt tag) (אֵל אֱלֹהֵי יִשְׂרָאֵל); or Banner (KJV= Nissi) (נֵס); or Banner (KJV= Nissi) (=Alt tag) (יְהֹוָה נִסִּי); or Peace (KJV= Shalom) (שָׁלוֹם); or Peace (KJV= Shalom) (=Alt tag) (יְהֹוָה שָׁלוֹם); or Provider (KJV= Jireh) (יִרְאֶה); or Provider (KJV= Jireh) (=Alt tag) (יִרְאֶה); or LORD our Righteousness (NIV= Righteous Saviour) (צִדְקֵנוּ); or LORD our Righteousness (NIV= Righteous Saviour) (יְהֹוָה צִדְקֵנוּ (=Alt tag)); or Everlasting (NIV= Eternal) (עוֹלָם); or Jealous (קַנָּא); or Hosts (NIV= Almighty) (צָבָא); or Highest (ὕψιστος); or ""hosts"" (KJV= ""sabaoth;"" NIV= Almighty) (σαβαώθ); or Abba (ἀββά); or Eli (ἠλί); or Eloi (ἐλωΐ)"
Isa.4.5,441867,1,0,H1254A,HVqq3ms,content,resolved,create,Hebrew,OT,,,1,,Operations,"stepGloss: to create — to create, shape, form; to shape, fashion, create (always with God as subject); of heaven and earth; of individual man; of new conditions and circumstances; of transformations"
Isa.4.5,441868,2,0,H5921A,HR,content,resolved,over,Hebrew,OT,,,1,,Supplementary,"stepGloss: upon — prep; upon, on the ground of, according to, on account of, on behalf of, concerning, beside, in addition to, together with, beyond, above, over, by, on to, towards, to, against; upon, on the ground of, on the basis of, on account of, because of, therefore, on behalf of, for the sake of, for, with, in spite of, notwithstanding, concerning, in the matter of, as regards; above, beyond, over (of excess); above, over (of elevation or pre-eminence); upon, to, over to, unto, in addition to, together with, with (of addition); over (of suspension or extension); by, adjoining, next, at, over, around (of contiguity or proximity); down upon, upon, on, from, up upon, up to, towards, over towards, to, against (with verbs of motion); to (as a dative)"
Isa.4.5,441869,3,0,H3605,HNcmsc,content,resolved,whole,Hebrew,OT,,,1,,Supplementary,"stepGloss: all — all, the whole; all, the whole of; any, each, every, anything; totality, everything; Aramaic equivalent: kol (כֹּל ""all"" H3606)"
Isa.4.5,441870,4,0,H4349,HNcmsc,content,resolved,site,Hebrew,OT,,,1,,Supplementary,"stepGloss: foundation — fixed or established place, foundation; fixed place; foundation"
Isa.4.5,441871,5,0,H2022G,HNcmsc,content,resolved,Mount,Hebrew,OT,,,1,,Supplementary,"stepGloss: mountain: mount — hill, mountain, hill country, mount"
Isa.4.5,441872,6,0,H6726,HNpl,content,resolved,Zion,Hebrew,OT,,,1,,,"stepGloss: Zion — A location first mentioned at Jos.10.1;; referred to as Jerusalem (יְרוּשָׁלִַ֫ם, יְרוּשְׁלֵם), or Jerusalem (Aramiac יְרוּשָׁלִַ֫ם, יְרוּשְׁלֵם), or Ariel (אֲרִיאֵל), or My Delight Is in Her (KJV= Hephzibah) (חֶפְצִי־בָהּ), or Forsaken (NIV= Deserted) (עָזַב), or Desolate (שְׁמָמָה), or Married (KJV, NIV= Beulah) (בָּעַל), or Jebus (יְבוּס), or Jebus or Jebusite (יְבוּסִי), or The Lord/ Is There (יְהֹוָה שָׁם), or The Lord/ Is There (=Alt tag) (יְהֹוָה שָׁמָּה), or City/ of the Lord (יְהֹוָה עִיר), or Salem (שָׁלֵם), or Zion or (Mount )Zion (צִיּוֹן), or Jerusalem (Ἱεροσόλυμα), or Jerusalem (Ἱερουσαλήμ), or Jerusalem (Ἱεροσολυμίτης), or Salem (Σαλήμ), or Zion or (Mount )Zion (KJV= Sion) (Σιών). § another name for Jerusalem especially in the prophetic books"
Isa.4.5,441873,7,0,H5921A,HR,content,resolved,over,Hebrew,OT,,,1,,Supplementary,"stepGloss: upon — prep; upon, on the ground of, according to, on account of, on behalf of, concerning, beside, in addition to, together with, beyond, above, over, by, on to, towards, to, against; upon, on the ground of, on the basis of, on account of, because of, therefore, on behalf of, for the sake of, for, with, in spite of, notwithstanding, concerning, in the matter of, as regards; above, beyond, over (of excess); above, over (of elevation or pre-eminence); upon, to, over to, unto, in addition to, together with, with (of addition); over (of suspension or extension); by, adjoining, next, at, over, around (of contiguity or proximity); down upon, upon, on, from, up upon, up to, towards, over towards, to, against (with verbs of motion); to (as a dative)"
Isa.4.5,441874,7,1,H9002,HC,function,resolved,over,Hebrew,OT,,,1,,Connective,"stepGloss: and — Conjunctive vav - i.e. followed by prefix, suffix or non-verb (conjunctive) (‘and/but’)"
Isa.4.5,441875,8,0,H4744,HNcmsc,content,resolved,assemblies,Hebrew,OT,,,1,,Love,"stepGloss: assembly — convocation, convoking, reading, a calling together; convocation, sacred assembly; convoking; reading"
Isa.4.5,441876,9,0,H6051,HNcmsa,content,resolved,cloud,Hebrew,OT,,,1,,,"stepGloss: cloud — cloud, cloudy, cloud-mass; cloud-mass (of theophanic cloud); cloud; Aramaic equivalent: a.nan (עֲנָן ""cloud"" H6050)"
Isa.4.5,441877,9,1,H9024,HSp3fs,function,resolved,cloud,Hebrew,OT,,,1,,,"stepGloss: her — Personal possessive pronoun - suffix for nouns, adjectives and passive participles: 3rd person feminine singular"
Isa.4.5,441878,10,0,H3119,HD,content,resolved,day,Hebrew,OT,,,1,,,"stepGloss: by day — adv; by day, in the daytime; subst; daytime"
Isa.4.5,441879,11,0,H6227,HNcmsa,content,resolved,smoke,Hebrew,OT,,,1,,,"stepGloss: smoke — smoke; smoke; in metaphor, simile; smoke (fig.)"
Isa.4.5,441880,11,1,H9002,HC,function,resolved,smoke,Hebrew,OT,,,1,,Connective,"stepGloss: and — Conjunctive vav - i.e. followed by prefix, suffix or non-verb (conjunctive) (‘and/but’)"
Isa.4.5,441881,12,0,H5051,HNcfsc,content,resolved,shining,Hebrew,OT,,,1,,,"stepGloss: brightness — brightness; Aramaic equivalent: no.gah (נֹ֫גַהּ ""daylight"" H5053)"
Isa.4.5,441882,12,1,H9002,HC,function,resolved,shining,Hebrew,OT,,,1,,Connective,"stepGloss: and — Conjunctive vav - i.e. followed by prefix, suffix or non-verb (conjunctive) (‘and/but’)"
Isa.4.5,441883,13,0,H3852,HNcfsa,content,resolved,flaming,Hebrew,OT,,,1,,,"stepGloss: flame — flame; tip of weapon, point, head of spear"
Isa.4.5,441884,14,0,H0784,HNcbsa,content,resolved,fire,Hebrew,OT,,,1,,,"stepGloss: fire — fire; fire, flames; supernatural fire (accompanying theophany); fire (for cooking, roasting, parching); altar-fire; God's anger (fig.); Aramaic equivalent: esh (אֶשָּׁא ""fire"" H0785)"
Isa.4.5,441885,15,0,H3915,HNcmsa,content,resolved,night,Hebrew,OT,,,1,,,"stepGloss: night — night; night (as opposed to day); of gloom, protective shadow (fig.)"
Isa.4.5,441886,16,0,H3588A,HTc,content,resolved,for,Hebrew,OT,,,1,,Connective,"stepGloss: for — that, for, because, when, as though, as, because that, but, then, certainly, except, surely, since; that; yea, indeed; when (of time); when, if, though (with a concessive force); because, since (causal connection); but (after negative); that if, for if, indeed if, for though, but if; but rather, but; except that; only, nevertheless; surely; that is; but if; for though; forasmuch as, for therefore"
Isa.4.5,441887,17,0,H5921A,HR,content,resolved,over,Hebrew,OT,,,1,,Supplementary,"stepGloss: upon — prep; upon, on the ground of, according to, on account of, on behalf of, concerning, beside, in addition to, together with, beyond, above, over, by, on to, towards, to, against; upon, on the ground of, on the basis of, on account of, because of, therefore, on behalf of, for the sake of, for, with, in spite of, notwithstanding, concerning, in the matter of, as regards; above, beyond, over (of excess); above, over (of elevation or pre-eminence); upon, to, over to, unto, in addition to, together with, with (of addition); over (of suspension or extension); by, adjoining, next, at, over, around (of contiguity or proximity); down upon, upon, on, from, up upon, up to, towards, over towards, to, against (with verbs of motion); to (as a dative)"
Isa.4.5,441888,18,0,H3605,HNcmsc,content,resolved,all,Hebrew,OT,,,1,,Supplementary,"stepGloss: all — all, the whole; all, the whole of; any, each, every, anything; totality, everything; Aramaic equivalent: kol (כֹּל ""all"" H3606)"
Isa.4.5,441889,19,0,H3519,HNcmsa,content,resolved,glory,Hebrew,OT,,,1,,Praise,"stepGloss: glory — glory, honour, glorious, abundance; abundance, riches; honour, splendour, glory; honour, dignity; honour, reputation; honour, reverence, glory; glory"
Isa.4.5,441890,20,0,H2646,HNcfsa,content,resolved,canopy,Hebrew,OT,,,1,,,"stepGloss: canopy — chamber, room, canopy, closet; canopy; chamber; divine protection (fig.)"
Amos.8.4,526507,0,0,H8085G,HVqv2mp,content,resolved,Hear,Hebrew,OT,,,1,,Remembrance,"stepGloss: to hear: hear — to hear, listen to, obey; to hear (perceive by ear); to hear of or concerning; to hear (have power to hear); to hear with attention or interest, listen to; to understand (language); to hear (of judicial cases); to listen, give heed; to consent, agree; to grant request; to listen to, yield to; to obey, be obedient"
Amos.8.4,526508,1,0,H2063,HTm,content,resolved,this,Hebrew,OT,,,1,,Supplementary,"stepGloss: this — this, this one, here, which, this...that, the one...the other, such; (alone); this one; this...that, the one...the other, another; (appos to subst); this; (as predicate); this, such; (enclitically); then; who, whom; how now, what now; what now; wherefore now; behold here; just now; now, now already; (poetry); wherein, which, those who; (with prefixes); in this (place) here, then; on these conditions, herewith, thus provided, by, through this, for this cause, in this matter; thus and thus; as follows, things such as these, accordingly, to that effect, in like manner, thus and thus; from here, hence, on one side...on the other side; on this account; in spite of this, which, whence, how"
Amos.8.4,526509,2,0,H7602B,HVqrmpa,content,resolved,trample on,Hebrew,OT,,,1,,Weakness,"stepGloss: to crush — to crush, trample, trample upon; to trample upon, crush"
Amos.8.4,526510,2,1,H9009,HTd,function,resolved,trample on,Hebrew,OT,,,1,,,"stepGloss: [the] — Prefix hé article: ""the"" for a subject, not object"
Amos.8.4,526511,3,0,H0034,HAamsa,content,resolved,needy,Hebrew,OT,,,1,,"Weakness, Supplementary","stepGloss: needy — in want, needy, chiefly poor, needy person; subject to oppression and abuse; needing help, deliverance from trouble, especially as delivered by God; general reference to lowest class"
Amos.8.4,526512,4,0,H6041,HAampc,content,resolved,poor,Hebrew,OT,,,1,,Weakness,"stepGloss: afflicted — poor, afflicted, humble, wretched; poor, needy; poor and weak; poor, weak, afflicted, wretched; humble, lowly"
Amos.8.4,526513,5,0,H0776G,HNcfsa,content,resolved,land,Hebrew,OT,,,1,,,"stepGloss: land: country/planet — land, earth; earth; whole earth (as opposed to a part); earth (as opposed to heaven); earth (inhabitants); land; country, territory; district, region; tribal territory; piece of ground; land of Canaan, Israel; inhabitants of land; Sheol, land without return, (under) world; city (-state); ground, surface of the earth; ground; soil; (in phrases); people of the land; space or distance of country (in measurements of distance); level or plain country; land of the living; end(s) of the earth; (almost wholly late in usage); lands, countries; often in contrast to Canaan"
Amos.8.4,526514,6,0,H7673A,HVhcc,content,resolved,end,Hebrew,OT,,,1,,Supplementary,"stepGloss: to cease — to cease, desist, rest; to cause to cease, put an end to; to exterminate, destroy; to cause to desist from; to remove; to cause to fail"
Amos.8.4,526515,6,1,H9002,HC,function,resolved,end,Hebrew,OT,,,1,,Connective,"stepGloss: and — Conjunctive vav - i.e. followed by prefix, suffix or non-verb (conjunctive) (‘and/but’)"
Amos.8.4,526516,6,2,H9005,HR,function,resolved,end,Hebrew,OT,,,1,,,stepGloss: to/for — Prefix lamed: to
Mark.11.21,833026,0,0,G2532,CONJ,function,resolved,And,Greek,NT,,,1,,Connective,"stepGloss: and — (as a connective) and; (connecting and continuing) and then, then; (as a disjuntive) but, yet, however; (as an adv.) also, even, likewise; and; both and;; also, too; even, also; but | lsj: and, even, also, just; and; and specially, and above all.., or, and, too..; pray, but; and yet; as; not only.., but also..; even, also, just; even, full, or; also, likewise, also..; also; full; even so much as, were it but, just, so much as; just, how long ago, where; even, just, e'en; even if, although, notwithstanding that, had, and if..; although, albeit, how much soever, although; and; also | mounce: (as a connective) and; (connecting and continuing) and then, then; (as a disjuntive) but, yet, however; (as an adv.) also, even, likewise"
Mark.11.21,833027,1,0,G4074G,N-NSM-P,content,resolved,Peter,Greek,NT,,,1,,,"stepGloss: Peter — An apostle living at the time of the New Testament, first mentioned at Mat.4.18;; referred to as Peter (Πέτρος), or Simon (Σίμων), or Simeon (Συμεών), or Cephas (Κηφᾶς), or Bar-Jonah (KJV= Bar-Jona, NIV= ""son of Jonah"") (Βαριωνᾶς);; son of John ;; a brother of Andrew . | lsj: stone, boulder; reed | mounce: Peter; this has the designative meaning ""rock"" or ""individual stone"", ""rock, stone"""
Mark.11.21,833028,2,0,G0363,V-AOP-NSM,content,resolved,remembered,Greek,NT,,,1,,Remembrance,"stepGloss: to remind — to remind, cause to remember; to exhort; to call to mind, recollect, remember | lsj: remind, of; remind; recall to memory, make mention of; remembrancer; remember, recall to mind; relapse | mounce: to remember, remind"
Mark.11.21,833029,3,0,G3004G,V-PAI-3S,content,resolved,said,Greek,NT,,,1,,Operations,"stepGloss: to say: says — - properly, to ""lay"" forth, i.e. (figuratively) relate (in words (usually of systematic or set discourse; whereas G2036 and G5346 generally refer to an individual expression or speech respectively; while G4483 is properly to break silence merely, and G2980 means an extended or random harangue)); by implication, to mean | lsj: pick up, gather, pick up, picking out stones for building, gather for oneself; choose for oneself, pick out, to be chosen; count, tell, counted, reckoned myself, told him over, was counted; count; recount, tell over, repeated, tell the tale; say, speak; say, speak, oral, speak, say on, say, declare, indicates, express; say, speak of; say, of, speak, revile; call by name, call; tell, command; say something, speak to the point, purpose, am I right, has, meaning, authority, nonsense, say what is not, lie, good news!, that is well, you are right, and what is more; wish to say, mean, does, mean?, do you mean, sense do you say this? Ap., do we mean to say? Grg., mean, I mean, meaning; use the term; they say, it is said, was said, as the saying goes, so-called, of whom it is said; speak, plead; boast of, tell of, sing of; recite, read; say, send word; maintain; nominate | mounce: : speak/ask; - properly, to ""lay"" forth, i.e. (figuratively) relate (in words (usually of systematic or set discourse; whereas G2036 and G5346 generally refer to an individual expression or speech respectively; while G4483 is properly to break silence merely, and G2980 means an extended or random harangue)); by implication, to mean"
Mark.11.21,833030,4,0,G0846,P-DSM,content,resolved,him,Greek,NT,,,1,,,"stepGloss: it/s/he — he, she, it; also used as inten.p., himself, herself, itself, themselves; the same one; also an adverb of place: here, there, where; self, very; alone; of one's self, of one's own motion; the same; unchangeable; at the same time, together; in one and the same place; at the same time, together | lsj: self, him, her, it, the very one, the same.; self, myself, thyself; one's true self, soul, body, oneself, the Master, the result, the very, just, exactly, close, very, the point, even; of oneself, of one's own accord, in person; by oneself, itself, alone, alone, without a mother, by himself, by ourselves, among friends, and no others, himself; by, in itself, the ideal, abstract, its very self; in one, together, in hand, and all; himself; himself; the same; his very self; he, she, it; the very one, the same, the same as, in the place with, meet, face to face; the said, the above-named; simply, merely; added together, making a total, together, at the same time, just then; of, by oneself, self-, independently; as a second self, very.., bodily; in the abstract, the ideal; precisely; in one piece with, together with; by itself, only | mounce: he, she, it; also used as inten.p., himself, herself, itself, themselves; the same one; also an adverb of place: here, there, where"
Mark.11.21,833031,5,0,G4461,N-VSM-T,content,resolved,Rabbi,Greek,NT,,,1,,,"stepGloss: Rabbi — § Rabbi, a title of a teacher; rabbi, my master, teacher; See also: Rabboni (ῥαββονί =G4462) | lsj: O my Master, ῥαββονί, ῥαββουνί | mounce: Rabbi, a title of a teacher"
Mark.11.21,833032,6,0,G2396,INJ,content,resolved,look,Greek,NT,,,1,,Supplementary,"stepGloss: look! — see!, look!; here, there; Lo! Behold! | lsj: behold | mounce: see!, look!; here, there"
Mark.11.21,833033,7,0,G4808,N-NSF,content,resolved,fig tree,Greek,NT,,,1,,Supplementary,"stepGloss: fig tree — a fig tree | lsj: συκῆ, fig-tree, Ficus Carica; Amelanchier, Amelanchias vulgaris; banyan, Ficus bengalensis; fig; tar, resin; spurge; excrescence; seaweed | mounce: fig tree"
Mark.11.21,833034,8,0,G3739,R-ASF,content,resolved,that,Greek,NT,,,1,,,"stepGloss: which — - the relatively (sometimes demonstrative) pronoun, who, which, what, that | lsj: yas, yā, yad, i, ja, je (he, she, it; this, that, he, she, it; he, she, they; such and such a person; he, she; who, which.; of the Laestrygonians, who.., of Thebes, which.., of Heracles, who.., of me whom..; in some places.., in others.., in what part; where, as; whence; that, how that, because; for which reason; whereas; from the time that.. | mounce: - the relatively (sometimes demonstrative) pronoun, who, which, what, that"
Mark.11.21,833035,9,0,G2672,V-ADI-2S,content,resolved,cursed,Greek,NT,,,1,,Hate,"stepGloss: to curse — ( middle ) to curse; to curse, to wish evil to, imprecate evil upon; to be cursed | lsj: call down curses upon, called down, curses, pray, curse, execrate, accursed | mounce: (middle) to curse"
Mark.11.21,833036,10,0,G3583,V-RPI-3S,content,resolved,withered,Greek,NT,,,1,,Operations,"stepGloss: to dry — to wither, shrivel; become rigid dry; to dry up, parch; to be parched; to be ripened; to be withered, to wither; to be withered; to pine | lsj: -ᾰνῶ, —parch, dry up, make costive, to be, become dry, parched, to be withered; drain dry | mounce: to wither, shrivel; become rigid dry"
Rom.9.14,89073,0,0,G5101,I-ASN,content,resolved,What,Greek,NT,,,1,,,"stepGloss: which? — who, which or what (in direct or indirect questions)- | lsj: what? which?; who? which?, what? which?; what, who, with what means; would that some one..; why who? who possibly?; who then?; who in the world? who ever?; what?; what; how? why? wherefore?, how do you mean, forsooth!, what about; why not? how else?, of course, no doubt, what, why ever? why in the world? what do you mean?, how, pray?, yes certainly, why, why not?, how so?; why; wherefore?, what; why, what; whoever, whatever, whatever, whomsoever; who; who; how.., how | mounce: who, which or what (in direct or indirect questions)-"
Rom.9.14,89074,1,0,G4483,V-FAI-1P,content,resolved,say,Greek,NT,,,1,,Desire,"stepGloss: to say: will say — - to utter, i.e. speak or say | lsj: will say; ἐρῶ; ἐρέω, -ήσεται, -όμενος, word.; will say, speak, speak of, true, has been pronounced, let, suffice; will tell, proclaim, announce; tell, order, orders had been given..; to be mentioned; to be specified, agreed, promised, when it had been agreed | mounce: - to utter, i.e. speak or say"
Rom.9.14,89075,2,0,G3767,CONJ,function,resolved,then,Greek,NT,,,1,,,"stepGloss: therefore/then — therefore, then, so then; then, now then, so then; then, thereupon; therefore, consequently | lsj: ὦν, certainly, in fact; really, very, at all events, did, at least, I grant you, when once, as soon as, actually, neither.. nor, even, just, in fact; whoever, whosoever, how, howsoever, be he who he may; so, then, then, well, as I was saying; then, therefore, therefore, ; | mounce: therefore, then, so then"
Rom.9.14,89076,3,0,G3361,PRT-N,function,resolved,Is,Greek,NT,1,,1,,Negator,"stepGloss: not — lest, that not, μή, or μήτι, or μήποτε, when prefixed to an interrogative clause, which?, or the contrary | lsj: μά, mē´, not, will, thought, fact, statement; will, wish, command, entreaty, warning; take care you do, not become, I fear.. may prove to be weaving, perhaps; nay but, none of that, no; that so; lest; except, provided only that, not; that; whoever, such a thing as, such things as, not; forbid, deny; swear, aver, believe; ut qui nihil sciam, one who, not; want of; fear, apprehension; shall proveto be, shall prove to have been, vect.; not; help being; fear, apprehension | mounce: not"
Rom.9.14,89077,4,0,G0093,N-NSF,content,resolved,injustice,Greek,NT,,,1,,Wickedness,"stepGloss: unrighteousness — wickedness, evil, wrongdoing; injustice, wrong; iniquity, falsehood, deceitfulness | lsj: wrongdoing, injustice, 'foul'; wrongful act, offence | mounce: wickedness, evil, wrongdoing"
Rom.9.14,89078,5,0,G3844,PREP,function,resolved,on,Greek,NT,,,1,,"Flag, Supplementary","stepGloss: from/with/beside — (gen.) from; (dat.) with, before, among, in the sight of; (acc.); beside, along side, by, at; from; his relatives; kinsmen; all her substance, property; with, in, among; at home; in the sight of, in the judgment; estimation of; by, near to, along; towards, to, at; at, by, near, by the side of; in deviation from, in violation of, inconsistently with; above, more than; except, save; beyond, past; in respect of, on the score of | lsj: παραί, πάρ, beside; from the side of, from beside, from; beside; from; issuing from, from, from (given by, of, done by, all that issues from, means, by, advice; the presents of; by, near; without; by the side of, where; at, over; beside, by; at, house, place, with, of my household, with me, own, in, hands, right; before, in the presence of, before, in, judgement, with; in; from; beside, near, by; along; past, beyond.; beside, near, by; to the side of, to, to the side of, to the chamber of; beside, near, by, stretched beside, by, before, on, immediately thereafter; at the house of.., with, with; side by side with; to, along; by; parallel to; like, as a parody of; as compared with, derived from; alongside of, compared with, lower than, behind, short of, compared with; at, equivalent to, of, account, as, amounted to; on account of; for, tertian, every second; precisely at the moment of, flagrante delicto, in the midst of, at; in each, each, every, in respect of each, from, to, per; on, to-day, to; throughout, during, while; along; strictly according to, without deviating from, strictly according to; past, beyond, by, over the edge of; over and above, in addition to, more than; in excess over, beyond; in transgression, violation of, out of; passed over, by, with, to spare, only just, quatenus, difference; from, by, short of, within, a distance of, near to, of, near, less, too few, short, save, all but, difference; by, according to; by, just for the sake of, suffice to cause, all through, from, only, it does, follow that, by the simple fact of, thanks to, alone, on, depends, just because, because of; so far as in, lies, as far as, am concerned, for all, care; near, together; alongside of, beside; to the side of, to; to one side of, by, past; aside, beyond, amiss, wrong | mounce: (gen.) from; (dat.) with, before, among, in the sight of; (acc.); beside, along side, by, at"
Rom.9.14,89079,6,0,G2316,N-DSM-T,content,resolved,God’s,Greek,NT,,,1,divine,Party-Divine,"stepGloss: God — God, usually refers to the one true God; in a very few contexts it refers to a (pagan) god or goddess. The ""Son of God"" as a title of Jesus emphasizes his unique relationship to the Father. ""The god of this age"" refers to the devil; a deity; an idol; God, the true God; God, possessed of true godhead; exceedingly | lsj: θιός, σιός, θεύς, God, the Deity, against his will, bless you! good heavens! for heaven's sake!; weather; divi Imperatores; one set in authority, judge; goddess; divine | mounce: God, usually refers to the one true God; in a very few contexts it refers to a (pagan) god or goddess. The ""Son of God"" as a title of Jesus emphasizes his unique relationship to the Father. ""The god of this age"" refers to the devil"
Rom.9.14,89080,7,0,G3361,PRT-N,function,resolved,no,Greek,NT,1,,1,,Negator,"stepGloss: not — lest, that not, μή, or μήτι, or μήποτε, when prefixed to an interrogative clause, which?, or the contrary | lsj: μά, mē´, not, will, thought, fact, statement; will, wish, command, entreaty, warning; take care you do, not become, I fear.. may prove to be weaving, perhaps; nay but, none of that, no; that so; lest; except, provided only that, not; that; whoever, such a thing as, such things as, not; forbid, deny; swear, aver, believe; ut qui nihil sciam, one who, not; want of; fear, apprehension; shall proveto be, shall prove to have been, vect.; not; help being; fear, apprehension | mounce: not"
Rom.9.14,89081,8,0,G1096,V-2ADO-3S,content,resolved,means,Greek,NT,,,1,,Supplementary,"stepGloss: to be — to be, become, happen; to come into existence, be born. It is used in certain contexts to introduce a new section or paragraph in a narrative in Hebrew narrative style: and then, and it came to pass; to come into existence; to be created, exist by creation; to be born, produced, grow; to arise, come on, occur; to come, approach; to be appointed, constituted, established; to take place, come to pass, happen, occur; to be done, performed, effected; to be fulfilled, satisfied; to come into a particular state; condition; to become, assume the character and appearance; to become; be made; be changed; converted; to be; to be subject to; to come to one's self, to recover from a trance; surprise; let it not be, far be it from, God forbid; to be kept, celebrated, solemnized; to be finished, completed | lsj: γίνομαι, γίνυμαι, γίνιουμαι, come into a new state of being; come into being; to be born, born, living, at our birth, to have been born, those of an age; to be produced, were the produce of, were worth, produced by, total, amount to, products, multiplied, elapse; falldue, dues, regular, normal, usual number; take place, come to pass, to be, are held, is passed, are given, taken, God forbid, suppose it done, it is done, take place, were favourable, the event, the fact, the facts, the past, the future, to have passed, it happened, came to pass, it came to pass, it is possible; come into, become, to be; turning, ;, am I to become; having ceased to be, ex, former; it goes, to be parted from, to be; become one of, fall to, belong to, to be under control of, to be at, cost; fall to; have done, to be separated, turn, comes, to be, disappear, to be engaged, arrive, be, fall into, be in, to be set, to be multiplied, opposite to, to be formed, to be present, to depend, go, to be at, near, meditate; jánati, jánas, gnatus. | mounce: to be, become, happen; to come into existence, be born. It is used in certain contexts to introduce a new section or paragraph in a narrative in Hebrew narrative style: and then, and it came to pass"
