osisId,note_id,verse_lexical_id,source_position,source_code_ordinal,source_strong,source_surface,note_type,resolution_status,target_verse,target_position,related_verse_lexical_ids,value_text,evidence_text
Gen.46.18,338,885439,0,0,H0428,These,related_word,resolved,,,,"H0411/H0429 (el/elleh, 'these') are genuine same-root synonym forms of this demonstrative; H0414 (Ela, a proper name) is a coincidental root-collision, not a real relation.",
Gen.46.18,339,885440,1,0,H1121A,sons,related_word,resolved,,,,"CORRECTED (v1 wrongly base-stripped this code and reported 0): 48 related codes under the exact code H1121A, genuine -- the full ben ('son') family, including its own sub-senses (son: descendant/young animal/type/warrior/aged) and derivative proper names (Ben, Beno). Same root, real relation, not coincidental.",
Gen.46.18,340,885441,2,0,H2153,Zilpah,related_word,checked_empty,,,,"1 related code pulled, but its own form/gloss fields are empty in strong_related -- not usable, treated as no real finding.",
Gen.46.18,341,885441,2,0,H2153,Zilpah,entity_link,resolved,Gen.46.18,3,,Target of 'whom' (position 3) -- Zilpah is the antecedent.,
Gen.46.18,342,885442,3,0,H0834A,whom,related_word,checked_empty,,,,"0 usable related codes (1 pulled, form/gloss empty).",
Gen.46.18,343,885442,3,0,H0834A,whom,entity_link,resolved,Gen.46.18,2,,"'whom' (relative pronoun) refers back to Zilpah (position 2), not Laban -- the antecedent of the relative clause.",
Gen.46.18,344,885443,4,0,H3837A,Laban,related_word,checked_empty,,,,"1 related code pulled, form/gloss empty -- not usable.",
Gen.46.18,345,885444,5,0,H5414G,gave,related_word,resolved,,,,"CORRECTED (v1 wrongly reported 0): 60 related codes under the exact code H5414G, genuine -- natan ('to give') is the root of mattan/mattanah ('gift'), a real and expected semantic connection, heavily populated with proper names built on the same root (Mattan, Mattanah, Mattenai).",
Gen.46.18,346,885444,5,0,H5414G,gave,verb_argument,resolved,Gen.46.18,4,[885445],"'gave' (H5414G): trigger/agent is Laban (position 4), impact/recipient is Leah (position 6).",
Gen.46.18,347,885445,6,0,H3812,Leah,related_word,checked_empty,,,,"1 related code pulled, form/gloss empty -- not usable.",
Gen.46.18,348,885446,6,1,H9005,Leah,inert,checked_empty,,,,"Prepositional prefix ('to'), function role -- no relational finding beyond its own grammatical role.",
Gen.46.18,349,885447,7,0,H1323G,daughter,related_word,resolved,,,,"CORRECTED (v1 wrongly reported 0): 42 related codes under the exact code H1323G, genuine -- bat ('daughter') is cross-listed with the full ben ('son') family, a real parent-child terminology pairing attested in STEP's own data, not coincidental.",
Gen.46.18,350,885447,7,0,H1323G,daughter,noun_relational,resolved,Gen.46.18,6,,"'daughter' construct-linked to Leah (position 6) -- marks the genealogical relation (Leah is Laban's daughter), not a separate referent.",
Gen.46.18,351,885448,8,0,H3205,bore,related_word,resolved,,,,"Genuine same-concept family: child/youth/maiden/born (the Hebrew ILD birth-root) -- a real semantic cluster around 'bore', not coincidental.",
Gen.46.18,352,885448,8,0,H3205,bore,chain,resolved,,,,'bore' carries narrative_morph=wayyiqtol -- a genuine sequential narrative action continuing this genealogy list's own narrative thread.,
Gen.46.18,353,885449,8,1,H9023,bore,pronoun_resolution,resolved,Gen.46.18,6,,"'she' (3fs suffix) refers to Leah (position 6), the immediately preceding named woman -- distinguishing her from Zilpah named earlier in the verse.",
Gen.46.18,354,885450,9,0,H3290,Jacob,related_word,resolved,,,,"Genuine cross-reference, not mere etymology: Jacob is also called Israel (H3478/H3479) and Israelite (G2474/G2475) -- the same person's two names, attested cross-lingually (Greek Iakob transliteration too).",
Gen.46.18,355,885451,9,1,H9005,Jacob,inert,checked_empty,,,,"Prepositional prefix ('to'), function role.",
Gen.46.18,356,885452,9,2,H0853,Jacob,inert,checked_empty,,,,"Direct-object marker (H0853), function role -- per the H0853-function-word-exception rule.",
Gen.46.18,357,885453,9,3,H0428,Jacob,related_word,unresolved,,,,"This code (H0428, elsewhere 'these'/demonstrative) is tagged at the same position as 'Jacob' with no clear semantic role in this word-complex -- the code combination at this position is not confidently explained by a single-verse targeted read; flagged rather than guessed, per the design's own unresolved-not-guessed rule.",
Gen.46.18,358,885454,10,0,H6240,sixteen,related_word,resolved,,,,"Genuine numeral family: ten/tenth/tithe (H4643/H6218/H6224/H6235/H6237) -- real root connection, 'sixteen' as a six-plus-ten compound.",
Gen.46.18,359,885455,10,1,H8337,sixteen,related_word,resolved,,,,"Coincidental, not genuine: Sheva/onyx/Shoham (H7718/H7719/H7724) share the root letters of 'six' but are semantically unrelated proper names/gem terms -- a textbook Hebrew triliteral-root collision, correctly sorted as coincidental per the design's own language-aware sorting rule, not a real relation.",
Gen.46.18,360,885456,11,0,H5315J,persons,related_word,resolved,,,,"CORRECTED (v1 wrongly reported 0): 11 related codes under the exact code H5315J, genuine and directly relevant -- nephesh's OWN other senses (soul: life/myself/animal/appetite/dead) plus naphash ('be refreshed') and Naphish (a coincidental proper name). This is real, strong evidence for the polysemy point below: the same lemma spans 'headcount' and 'soul/life', not two unrelated words.",
Gen.46.18,361,885456,11,0,H5315J,persons,noun_severity,resolved,,,,"H5315J (nephesh) is used here in its headcount sense ('sixteen persons'), not its inner-being 'soul' sense -- confirmed by this code's own related-word family (soul/life/myself/appetite), which shows both senses genuinely belong to one lemma. A real, project-relevant polysemy distinction for a study centred on inner-being vocabulary.",
Lev.17.16,478,891333,0,0,H3808,not,related_word,resolved,,,,"H0408/H3809 (al/la, 'not') are genuine synonym forms of this negator. H3810/H3818/H3819 (Lo-debar, Not-My-People, No-Mercy) are NOT coincidental despite being proper names -- deliberately built on the negator as a real Hebrew naming convention, a genuine if indirect relation.",
Lev.17.16,479,891334,1,0,H3526H,wash,related_word,resolved,,,,"CORRECTED (v1 wrongly reported 0): 1 related code under the exact code H3526H -- H3526G (kavas, 'Washer's'), a genuine same-root participial/occupational form of 'to wash'.",
Lev.17.16,480,891335,1,1,H0518A,wash,connective,unclassified,,,,"The bound conditional clitic ('if', attached to the verb) marks this clause as a conditional apodosis. The design's own 3-class connective lexicon (causal/coordinating/purpose) has no conditional class -- correctly UNCLASSIFIED rather than force-fit; a real taxonomy gap.",
Lev.17.16,481,891335,1,1,H0518A,wash,related_word,resolved,,,,"CORRECTED (v1 wrongly reported 0): 11 related codes under the exact code H0518A, mixed -- H0518B/H0518H/H0518I/H0518J are genuine same-lemma sub-senses of 'if' (except/surely no/surely yes/until); H0509/Elkoshite/Eltekeh/Eltekon are coincidental collisions.",
Lev.17.16,482,891336,1,2,H9002,wash,connective,resolved,,,,Coordinating: the waw here functions as disjunctive 'or' between the two negated verbs (wash / bathe) -- a genuine coordinating relation.,
Lev.17.16,483,891337,2,0,H7364,bathe,related_word,resolved,,,,Genuine same-concept family: washing-related terms (H7365/H7366/H7367) -- real semantic cluster.,
Lev.17.16,484,891338,2,1,H9023,bathe,pronoun_resolution,resolved,Lev.17.15,1,,The implicit 3ms subject ('he') of this verse is not named within Lev.17.16 itself -- a targeted read of the immediately preceding verse (Lev.17.15) confirms the antecedent: 'every person (nephesh) who eats...' (position 1).,
Lev.17.16,485,891339,2,2,H3808,bathe,polarity,resolved,Lev.17.16,0,,"Second negator (H3808) extends the first negator's (position 0) scope across both coordinated verbs -- 'does not wash... or bathe' is one negated compound action, not two independent negative clauses.",
Lev.17.16,486,891340,3,0,H1320,flesh,related_word,resolved,,,,Genuine same-concept family: flesh/body-related Hebrew root (H1308/H1309/H1319/H1321) -- real semantic cluster.,
Lev.17.16,487,891341,3,1,H9002,flesh,inert,checked_empty,,,,"Conjunctive prefix within 'his flesh', function role.",
Lev.17.16,488,891342,4,0,H5375J,bear,related_word,resolved,,,,"CORRECTED (v1 wrongly reported 0): 30 related codes under the exact code H5375J, genuine and directly relevant -- nasa ('to lift/bear') is the root of massa ('burden'), and the code's own sub-senses (to lift: raise/bear/forgive) reinforce this verse's own idiom (see below).",
Lev.17.16,489,891342,4,0,H5375J,bear,idiom,resolved,,,,"'bear his iniquity' (nasa avon) is a fixed Hebrew legal idiom meaning 'be held guilty/liable', not a literal physical-bearing statement -- reinforced by H5375J's own related-word family (burden/to lift/to bear), which shows 'bear' here is genuinely rooted in the carrying-a-burden sense.",
Lev.17.16,490,891343,5,0,H9023,his,pronoun_resolution,resolved,Lev.17.15,1,,Same antecedent as position 2's 'his' -- the generic legal subject established in Lev.17.15.,
Lev.17.16,491,891344,6,0,H5771G,iniquity,related_word,resolved,,,,"CORRECTED (v1 wrongly reported 0 -- see below): 5 related codes under the exact code H5771G, genuine and illuminating -- avah ('to twist'/'to pervert', H5753A/B) is the root avon ('iniquity') itself derives from, and H5771H/I are the same lemma's own other senses (iniquity: guilt/punishment). This directly explains WHY iniquity is something 'borne' (idiom, position 4): the root concept is a moral 'twisting', not an abstract label.",
Judg.11.40,458,957152,0,0,H1323G,daughters,related_word,resolved,,,,"CORRECTED (v1 wrongly reported 0): 42 related codes under the exact code H1323G -- the same bat/ben (daughter/son) cross-referenced family found at Gen.46.18 position 7, genuine, not coincidental.",
Judg.11.40,459,957153,1,0,H3478,Israel,related_word,resolved,,,,"Genuine, real cross-reference: Israel/Jacob (H3290/H3479) and Israelite (G2474/G2475) are the same people's collective name and eponymous ancestor -- the identical name-cluster finding as Gen.46.18 position 9.",
Judg.11.40,460,957154,2,0,H1980G,went,related_word,resolved,,,,"CORRECTED (v1 wrongly reported 0): 16 related codes under the exact code H1980G, genuine -- halakh ('to go') family (step/walk) plus its own sub-senses (to go: come/walk/take/continue).",
Judg.11.40,461,957155,2,1,H9011,went,inert,checked_empty,,,,"Directional-heh suffix, function role.",
Judg.11.40,462,957156,3,0,H3117I,year,related_word,resolved,,,,"CORRECTED (v1 wrongly reported 0): 7 related codes under the exact code H3117I, genuine -- all sub-senses of yom ('day': old/daily/always/today) plus yomam ('by day'). This confirms and sharpens the idiom finding below: the 'year by year' idiom is literally built on the DAY word (yamim, 'days'), the standard Hebrew distributive construction, not a separate 'year' word.",
Judg.11.40,463,957156,3,0,H3117I,year,idiom,resolved,Judg.11.40,4,,"'yamim yamimah' (H3117I repeated at positions 3-4, literally 'days to days') is the standard Hebrew distributive idiom for 'year by year / annually' -- confirmed by this code's own related-word family, all 'day' senses, not two separate year-references.",
Judg.11.40,464,957157,3,1,H9006,year,inert,checked_empty,,,,"Prepositional prefix, function role.",
Judg.11.40,465,957158,4,0,H3117I,year,related_word,resolved,,,,Same corrected family as position 3 -- second half of the 'days to days' idiom.,
Judg.11.40,466,957159,5,0,H8567,lament,related_word,checked_empty,,,,"1 related code pulled, form/gloss empty -- not usable.",
Judg.11.40,467,957160,5,1,H9005,lament,inert,checked_empty,,,,"Prepositional prefix ('to'), function role.",
Judg.11.40,468,957161,6,0,H1323G,daughter,related_word,resolved,,,,Same corrected bat/ben family as position 0 and Gen.46.18 position 7.,
Judg.11.40,469,957161,6,0,H1323G,daughter,entity_link,resolved,Judg.11.40,7,,"'daughter' (singular) refers to Jephthah's daughter specifically (named via his patronymic at position 7-8) -- distinct from 'daughters of Israel' (plural, position 0).",
Judg.11.40,470,957162,6,1,H9005,daughter,inert,checked_empty,,,,"Genitive-marking prefix, function role.",
Judg.11.40,471,957163,7,0,H3316H,Jephthah,related_word,resolved,,,,"CORRECTED (v1 wrongly reported 0): 2 related codes under the exact code H3316H, genuine -- G2422 (Greek transliteration Iephthae) and H3316G (Iphtah, a place-name variant), real cross-lingual name attestation.",
Judg.11.40,472,957164,8,0,H1569,Gileadite,related_word,resolved,,,,"Genuine toponymic family: Gilead (H1568, multiple sub-entries) -- a real, meaningful geographic/genealogical connection to Jephthah's own origin.",
Judg.11.40,473,957165,8,1,H9009,Gileadite,inert,checked_empty,,,,"Definite article, function role.",
Judg.11.40,474,957166,9,0,H0702,four,related_word,resolved,,,,Genuine numeral family: four/fourth/forty (H0703/H0704/H0705/H7243) -- real semantic root.,
Judg.11.40,475,957167,10,0,H3117I,days,related_word,resolved,,,,Same corrected day-family as positions 3-4 (H3117I).,
Judg.11.40,476,957168,11,0,H8141,year,related_word,resolved,,,,"Genuine etymological finding: shanah ('year', H8140) shares its root with 'to change/to repeat' (H8132/H8138) -- a real insight (a year as a repeating cycle).",
Judg.11.40,477,957169,11,1,H9003,year,inert,checked_empty,,,,"Prepositional prefix ('in'), function role.",
Prov.31.30,389,434412,0,0,H2580,Charm,related_word,resolved,,,,"Coincidental at scale: 51 related codes pulled, the overwhelming majority proper names (Hen, Henadad, Hannah...) sharing the CHN root with 'charm' -- a textbook, large-scale Hebrew triliteral-root collision, correctly sorted coincidental.",
Prov.31.30,390,434413,0,1,H9009,Charm,inert,checked_empty,,,,"Definite article, function role.",
Prov.31.30,391,434414,1,0,H8267,deceitful,related_word,resolved,,,,"Genuine, minor relation: shares its root with 'to deal falsely' (H8266) -- a real if small semantic connection.",
Prov.31.30,392,434415,2,0,H3308,beauty,related_word,resolved,,,,"Mixed: H3302/H3303/H3304 (beautiful/pretty) are genuine same-concept relatives; H3305 (Joppa, a place name) is a coincidental collision within the same pull.",
Prov.31.30,393,434416,2,1,H9009,beauty,inert,checked_empty,,,,"Definite article, function role.",
Prov.31.30,394,434417,3,0,H1892,vain,related_word,resolved,,,,"Genuine and notable: H1893 (Abel, the biblical name) is a well-attested intentional naming pun in Hebrew scripture (Abel's name literally carries the sense 'vapor/vanity'), the same root as this verse's own 'vain'. A real connection, not coincidental.",
Prov.31.30,395,434418,3,1,H9002,vain,connective,unclassified,,,,"Adversative 'but', contrasting charm/beauty (positions 0-3) against the woman who fears the LORD (positions 4-7). The design's 3-class connective lexicon has no adversative class -- correctly UNCLASSIFIED, the same taxonomy gap already found at Lev.17.16's conditional case.",
Prov.31.30,396,434419,4,0,H0802G,woman,related_word,resolved,,,,"CORRECTED (v1 wrongly reported 0): 7 related codes under the exact code H0802G, genuine and directly relevant -- ishah ('woman') is etymologically paired with ish ('man', H0376) in Hebrew, a well-known linguistic fact (ishah is grammatically derived from ish); also enosh ('human', H0582) and the word's own other senses (wife/another). A real, significant family for a study focused on human/party vocabulary specifically.",
Prov.31.30,397,434420,5,0,H3373,fears,related_word,resolved,,,,"Genuine same-concept family: fear/reverence (H3372/H3374/H4172) -- fully expected, real semantic cluster.",
Prov.31.30,398,434421,6,0,H3068G,Lord,related_word,resolved,,,,"CORRECTED (v1 wrongly reported 0): 39 related codes under the exact code H3068G, genuine and theologically significant -- the full divine-name/epithet cluster across Hebrew (Adonai, El, El-Berith) and Greek (Abba, Eloi, Eli, Sabaoth, Hupsistos), directly relevant to a study of divine-referring vocabulary.",
Prov.31.30,399,434422,7,0,H1984B,praised,related_word,resolved,,,,"CORRECTED (v1 wrongly reported 0): 14 related codes under the exact code H1984B, genuine and notable -- halal ('to praise') shares its single root with 'to shine' (H1984A), 'to boast/rave madly' (H1984H/I), and 'madness' (H1947/H1948). A real, nuanced finding: the word for 'praised' shares its root with boasting and even madness, worth naming rather than treating as a plain synonym-only relation.",
Prov.31.30,400,434423,7,1,H1931,praised,related_word,resolved,,,,"Pronoun-form cognates (he/she/it family, H1932/H2007) -- present but not a substantive finding on its own.",
Prov.31.30,401,434423,7,1,H1931,praised,pronoun_resolution,resolved,Prov.31.30,4,,"'she' (the subject of 'is to be praised') refers back to 'a woman who fears the LORD' (position 4), not to charm/beauty -- confirms the verse's own antithetical structure resolves to the woman as the praised subject.",
Ps.94.22,373,415053,0,0,H3068G,Lord,related_word,resolved,,,,"CORRECTED (v1 wrongly reported 0): 39 related codes under the exact code H3068G -- same divine-name/epithet cluster as Prov.31.30 position 6, genuine, confirming the same cross-verse family recurring.",
Ps.94.22,374,415053,0,0,H3068G,Lord,entity_link,resolved,Ps.94.22,2,,"'the LORD' (position 0) and 'my God' (position 2) are the same referent, in synonymous parallelism -- both party_kind=divine, confirming the mechanical tag rather than adding a new fact.",
Ps.94.22,375,415054,0,1,H1961,Lord,related_word,resolved,,,,Minor genuine cognate: 'to fall'/'to be' (H1933) -- a real if modest etymological relative of hayah ('become').,
Ps.94.22,376,415054,0,1,H1961,Lord,chain,resolved,,,,"'has become' carries narrative_morph=wayyiqtol -- a genuine sequential-argument marker within the psalm's own developing claim, not a static statement.",
Ps.94.22,377,415055,1,0,H4869A,stronghold,related_word,resolved,,,,"CORRECTED (v1 wrongly reported 0): 4 related codes under the exact code H4869A, genuine -- misgav ('stronghold') shares its root with sagav ('to exalt') -- a stronghold is, at root, an exalted/high place, a real etymological connection directly relevant to this verse's own image.",
Ps.94.22,378,415055,1,0,H4869A,stronghold,structural_pattern,resolved,,,"[415061, 415064]","'stronghold' / 'rock' / 'refuge' form a 3-term synonym cluster in poetic parallelism, all predicated of the same divine subject -- the verse's characteristic Hebrew poetic doubling (here tripling).",
Ps.94.22,379,415056,1,1,H9005,stronghold,inert,checked_empty,,,,"Prepositional prefix, function role.",
Ps.94.22,380,415057,1,2,H9005,stronghold,inert,checked_empty,,,,"Prepositional prefix (second component of a compound preposition), function role.",
Ps.94.22,381,415058,1,3,H9030,stronghold,pronoun_resolution,resolved,,,,"1cs possessive suffix ('my') -- self-reference to the psalmist speaker, straightforward.",
Ps.94.22,382,415059,2,0,H0430G,God,related_word,resolved,,,,"CORRECTED (v1 wrongly reported 0): 46 related codes under the exact code H0430G -- the SAME divine-name/epithet cluster as H3068G above (Abba/Eloi/Eli/Adonai/El), directly confirming the entity_link's own claim that 'the LORD' and 'my God' are parallel divine epithets from the same lexical family.",
Ps.94.22,383,415060,2,1,H9002,God,connective,resolved,,,,"Coordinating 'and', joining the two divine epithets (LORD / God).",
Ps.94.22,384,415061,3,0,H6697H,rock,related_word,resolved,,,,"CORRECTED (v1 wrongly reported 0): 10 related codes under the exact code H6697H, genuine and relevant -- tsur ('rock') shares its root with 'to confine/besiege' (H6696A) -- a rock as a place of refuge is, at root, a place that confines/shelters from danger, directly relevant to this verse's own refuge theme.",
Ps.94.22,385,415062,3,1,H9005,rock,inert,checked_empty,,,,"Prepositional prefix, function role.",
Ps.94.22,386,415063,3,2,H9020,rock,pronoun_resolution,resolved,,,,1cs possessive suffix ('my') -- self-reference to the psalmist.,
Ps.94.22,387,415064,4,0,H4268,refuge,related_word,resolved,,,,"Genuine same-concept family: 'to seek refuge' (H2620/H2622) -- real semantic cluster, directly on-topic.",
Ps.94.22,388,415065,4,1,H9020,refuge,pronoun_resolution,resolved,,,,1cs possessive suffix ('my') -- self-reference to the psalmist.,
Eccl.5.14,319,883118,0,0,H1931,and those,related_word,resolved,,,,Mechanical pronoun-form cognates (he/she/it family) -- present but not a substantive finding on its own.,
Eccl.5.14,320,883118,0,0,H1931,and those,entity_link,resolved,Eccl.5.13,6,,'and those [riches]' picks up the referent from the immediately preceding verse (Eccl.5.13's own 'riches') -- a genuine cross-verse resolution.,
Eccl.5.14,321,883119,0,1,H9009,and those,inert,checked_empty,,,,"Definite article, function role.",
Eccl.5.14,322,883120,1,0,H6239,riches,related_word,resolved,,,,Genuine same-concept family: rich/enrich (H6223/H6238) -- real semantic cluster.,
Eccl.5.14,323,883121,1,1,H9009,riches,inert,checked_empty,,,,"Definite article, function role.",
Eccl.5.14,324,883122,2,0,H0006,lost,related_word,resolved,,,,"Genuine, strong family: destroy/destruction/Abaddon (H0007-H0011) -- Abaddon as the personification of destruction is a real, notable related concept, not a coincidental collision.",
Eccl.5.14,325,883123,3,0,H7451A,bad,related_word,resolved,,,,"CORRECTED (v1 wrongly reported 0): 8 related codes under the exact code H7451A, genuine -- the ra ('bad/evil') root's own same-lemma sub-senses (evil/distress:harm) plus a real cognate extending to 'to shatter' (H7489B), a wide semantic range for a single root.",
Eccl.5.14,326,883124,4,0,H6045,venture,related_word,resolved,,,,"Genuine root connection: 'to be occupied/afflicted' (H6031) -- 'venture/business' relates to being occupied/busy, a recurring theme-word in Ecclesiastes specifically.",
Eccl.5.14,327,883125,4,1,H9003,venture,inert,checked_empty,,,,"Prepositional prefix, function role.",
Eccl.5.14,328,883126,5,0,H3205,father,related_word,resolved,,,,"Same birth-root family as Gen.46.18 position 8 (child/youth/maiden, H3205's own family), here in its causative 'father of' sense rather than 'bore' -- a real sense-distinction worth naming.",
Eccl.5.14,329,883127,6,0,H1121A,son,related_word,resolved,,,,"CORRECTED (v1 wrongly reported 0): 48 related codes under the exact code H1121A -- the same genuine ben ('son') family found at Gen.46.18 position 1, a good cross-verse consistency check (same code, same correct classification, two different verses).",
Eccl.5.14,330,883128,7,0,H0369,nothing,related_word,resolved,,,,Genuine family: 'where?' / 'isn't?' (H0370/H0371) -- real negation-of-existence semantic cluster.,
Eccl.5.14,331,883129,7,1,H9002,nothing,inert,checked_empty,,,,"Conjunctive prefix, function role.",
Eccl.5.14,332,883130,7,2,H3972,nothing,related_word,resolved,,,,"Coincidental, not genuine: shares root letters with 'blemish' (H3971) but is not semantically related to this word's own sense ('anything/nothing') -- a minor Hebrew root collision.",
Eccl.5.14,333,883128,7,0,H0369,nothing,idiom,resolved,,,[883130],"H0369 + H3972 together ('nothing... nothing') form the standard Hebrew double-negation idiom for absolute negation ('there is not a thing') -- one idiom across two codes, not two separate findings.",
Eccl.5.14,334,883131,8,0,H9023,his,pronoun_resolution,resolved,,,,3ms possessive suffix ('his') -- self-reference to the man just introduced in this verse.,
Eccl.5.14,335,883132,9,0,H3027G,hand,related_word,resolved,,,,"CORRECTED (v1 wrongly reported 0): 22 related codes under the exact code H3027G, genuine and directly relevant -- yad ('hand') has an extremely wide range of its own idiomatic sub-senses (hand: power/by/to/times/monument/tool), which directly reinforces the idiom finding below.",
Eccl.5.14,336,883132,9,0,H3027G,hand,idiom,resolved,,,,"'in his hand' is the standard Hebrew idiom for 'in his possession/control', not a literal statement about a hand -- reinforced by yad's own related-word family showing this word's idiomatic range is extensive and well-attested.",
Eccl.5.14,337,883133,9,1,H9003,hand,inert,checked_empty,,,,"Prepositional prefix, function role.",
Isa.4.5,416,441866,0,0,H3068G,Lord,related_word,resolved,,,,"CORRECTED (v1 wrongly reported 0): 39 related codes under the exact code H3068G -- the same divine-name/epithet cluster found at Prov.31.30 and Ps.94.22, genuine, a recurring family across this 10-verse sample.",
Isa.4.5,417,441867,1,0,H1254A,create,related_word,resolved,,,,"CORRECTED (v1 wrongly reported 0): 3 related codes under the exact code H1254A, genuine but modest -- beriah ('creation', H1278) is a direct cognate noun. Bara ('create') is used almost exclusively of divine creative action in the OT -- a theologically loaded verb choice, now with real supporting related-word evidence rather than an unsupported observation.",
Isa.4.5,418,441868,2,0,H5921A,over,related_word,resolved,,,,"CORRECTED (v1 wrongly reported 0): 38 related codes under the exact code H5921A, genuine and interesting -- 'over' (al) relates etymologically to 'above' (ma'al) and 'lifting' (mo'al), and also cross-references H3588 (ki, 'for'/'that') -- the SAME code classified as a causal connective at position 16 of this verse. A real, small network of related Hebrew particles, not a coincidence worth ignoring.",
Isa.4.5,419,441869,3,0,H3605,whole,related_word,resolved,,,,Genuine family: all/entire/perfect (H3606/H3632/H3634) -- real semantic cluster.,
Isa.4.5,420,441870,4,0,H4349,site,related_word,resolved,,,,"Coincidental at scale: 24 related codes, almost entirely proper names (Jachin, Jeconiah) sharing the root letters of 'site/place' -- a textbook Hebrew triliteral collision, correctly sorted coincidental.",
Isa.4.5,421,441871,5,0,H2022G,Mount,related_word,resolved,,,,"CORRECTED (v1 wrongly reported 0): 11 related codes under the exact code H2022G, genuine -- har ('mountain') family including its own sub-sense (hill country), Hor/Hara/Haran (place names genuinely built on the same root), and harar (a direct cognate, 'mountain').",
Isa.4.5,422,441871,5,0,H2022G,Mount,noun_relational,resolved,Isa.4.5,6,,"'Mount' + 'Zion' (position 6) is a construct-state relational pairing identifying which mount is meant -- not two separate referents needing an entity_link, a plain construct relation.",
Isa.4.5,423,441872,6,0,H6726,Zion,related_word,resolved,,,,"Genuine toponymic family: Jerusalem/Salem/Zion (attested cross-lingually, Hebrew and Greek) -- a real, meaningful place-name cluster.",
Isa.4.5,424,441873,7,0,H5921A,over,related_word,resolved,,,,Same corrected H5921A family as position 2 -- second occurrence of 'over' in this verse.,
Isa.4.5,425,441873,7,0,H5921A,over,recurrence_role_shift,checked_empty,Isa.4.5,2,,"Same code (H5921A, 'over') recurs from position 2, but the grammatical role does NOT shift -- both instances mark the object of protective coverage. A plain repeated function word, correctly recorded checked_empty.",
Isa.4.5,426,441874,7,1,H9002,over,connective,resolved,,,,"Coordinating 'and', joining 'over the site of Mount Zion' with 'over her assemblies'.",
Isa.4.5,427,441875,8,0,H4744,assemblies,related_word,resolved,,,,"Genuine root connection: 'to call/proclaim' (H7121) -- an assembly (miqra) is literally 'a calling-together', a real etymological insight.",
Isa.4.5,428,441876,9,0,H6051,cloud,related_word,resolved,,,,Genuine same-concept family: cloud (H6049-H6053) -- real semantic cluster.,
Isa.4.5,429,441876,9,0,H6051,cloud,structural_pattern,resolved,,,"[441879, 441881, 441884]",'cloud' / 'smoke' / 'shining' / 'fire' form a 4-term theophany-imagery cluster (day/night pairing) -- Sinai-pattern protective-presence imagery.,
Isa.4.5,430,441877,9,1,H9024,cloud,pronoun_resolution,resolved,Isa.4.5,6,,"3fs possessive suffix ('her') refers to Zion (position 6), feminine place-name agreement.",
Isa.4.5,431,441878,10,0,H3119,day,related_word,resolved,,,,"Genuine, straightforward family: day (H3117, multiple sub-senses) -- expected, real cluster.",
Isa.4.5,432,441879,11,0,H6227,smoke,related_word,resolved,,,,Mixed: 'to smoke'/'smoking' (H6225/H6226) genuine; Ashan (H6228) a coincidental place-name collision within the same pull.,
Isa.4.5,433,441880,11,1,H9002,smoke,connective,resolved,,,,"Coordinating 'and', joining 'smoke' to the preceding 'cloud'.",
Isa.4.5,434,441881,12,0,H5051,shining,related_word,resolved,,,,"Genuine family: to shine/brightness (H5050/H5053/H5054) -- real semantic cluster; Nogah (H5052, a personal name) a minor coincidental collision.",
Isa.4.5,435,441882,12,1,H9002,shining,connective,resolved,,,,"Coordinating 'and', joining 'shining' to 'smoke'.",
Isa.4.5,436,441883,13,0,H3852,flaming,related_word,resolved,,,,"Genuine family: flame (H3827/H3851/H7957) -- real semantic cluster; Lehabim (H3853, a people-name) a minor coincidental collision.",
Isa.4.5,437,441884,14,0,H0784,fire,related_word,resolved,,,,"Coincidental, not genuine: Ashbel/Eshban/Ashbea are proper names sharing root letters with 'fire' but semantically unrelated.",
Isa.4.5,438,441885,15,0,H3915,night,related_word,resolved,,,,"Mostly coincidental: Letushim (a tribe-name), 'to sharpen' -- tenuous or unrelated collisions with 'night'.",
Isa.4.5,439,441886,16,0,H3588A,for,related_word,resolved,,,,"CORRECTED (v1 wrongly reported 0): 11 related codes under the exact code H3588A, genuine and connected -- ki ('for') cross-references H0518A ('if', the SAME code found conditional at Lev.17.16), and its own sub-senses (that if: except / for as that: since). Confirms 'for' and 'if' are lexically related in STEP's own data, part of the same small conditional/causal-particle network noted at position 2's 'over'.",
Isa.4.5,440,441886,16,0,H3588A,for,connective,resolved,,,,"Causal 'for' -- genuinely classifiable against the 3-class lexicon as causal, introducing the reason/basis for the preceding description.",
Isa.4.5,441,441887,17,0,H5921A,over,related_word,resolved,,,,Same corrected H5921A family as positions 2 and 7 -- third occurrence of 'over' in this verse.,
Isa.4.5,442,441887,17,0,H5921A,over,recurrence_role_shift,checked_empty,Isa.4.5,2,,"Third occurrence of H5921A ('over') in this verse -- again no role shift from its first occurrence (position 2), correctly recorded checked_empty.",
Isa.4.5,443,441888,18,0,H3605,all,related_word,resolved,,,,Genuine family: all/entire/perfect (same root as position 3's 'whole') -- real semantic cluster.,
Isa.4.5,444,441888,18,0,H3605,all,recurrence_role_shift,checked_empty,Isa.4.5,3,,"Same code (H3605) as position 3 ('whole'), but both occurrences are the same distributive-quantifier role -- no genuine role shift, correctly recorded checked_empty.",
Isa.4.5,445,441889,19,0,H3519,glory,related_word,resolved,,,,"Genuine and notable: honor/heavy/glory (H3513-H3515) -- the well-known Hebrew 'weight = glory' semantic connection (kavod), a real and important finding.",
Isa.4.5,446,441890,20,0,H2646,canopy,related_word,resolved,,,,"Mixed: Huppah/Huppim (proper names derived from the same root) alongside 'to cover'/'to shield' (H2645/H2653) -- a genuine, if modest, semantic connection to 'canopy' as a covering.",
Amos.8.4,447,526507,0,0,H8085G,Hear,related_word,resolved,,,,"CORRECTED (v1 wrongly reported 0): 90 related codes under the exact code H8085G, mostly coincidental at scale but with one genuinely meaningful exception -- Ishmael/Yishma'el (H3458, 6 sub-entries) is not a pure coincidence: the name literally means 'God hears', a deliberate name-formation on this exact root, the same pattern already found at Lev.17.16 (Lo-debar/Not-My-People). hashma'ut ('report', H2045) is also a genuine direct cognate.",
Amos.8.4,448,526508,1,0,H2063,this,related_word,resolved,,,,"Minor genuine relation: 'this' (H2088) shares the demonstrative family, real if trivial.",
Amos.8.4,449,526509,2,0,H7602B,trample on,related_word,checked_empty,,,,"1 related code pulled, form/gloss empty -- not usable.",
Amos.8.4,450,526510,2,1,H9009,trample on,inert,checked_empty,,,,"Definite article, function role.",
Amos.8.4,451,526511,3,0,H0034,needy,related_word,resolved,,,,"Genuine etymological finding: 'needy' (evyon) shares its root with 'to desire/be willing' (H0014/H0035) -- the needy are, at root, 'those who lack/desire'.",
Amos.8.4,452,526512,4,0,H6041,poor,related_word,resolved,,,,"Genuine, strong family: afflict/poor/gentleness (H6031-H6038) -- a real, substantial semantic cluster central to this verse's own social-justice vocabulary.",
Amos.8.4,453,526513,5,0,H0776G,land,related_word,resolved,,,,"CORRECTED (v1 wrongly reported 0): 7 related codes under the exact code H0776G, genuine -- eretz/ara ('earth/land') own sub-senses (soil/inferior/planet), a real same-concept family.",
Amos.8.4,454,526514,6,0,H7673A,end,related_word,resolved,,,,"CORRECTED (v1 wrongly reported 0): 8 related codes under the exact code H7673A, genuine and notable -- shabath ('to bring to an end/cease') shares its root with shabbat ('Sabbath', the day of cessation/rest) -- ending/ceasing shares its very root with the concept of sabbath-rest, a real and meaningful etymological connection.",
Amos.8.4,455,526514,6,0,H7673A,end,structural_pattern,resolved,,,"[526511, 526512]",'trample on' / 'needy' / 'poor' form the indictment's own accusation cluster -- the verb and its two victim-terms named together as one social-justice charge.,
Amos.8.4,456,526515,6,1,H9002,end,inert,checked_empty,,,,"Conjunctive component within the compound verb phrase, function role.",
Amos.8.4,457,526516,6,2,H9005,end,inert,checked_empty,,,,"Prepositional component within the compound verb phrase, function role.",
Mark.11.21,402,833026,0,0,G2532,And,connective,resolved,,,,Coordinating 'And' -- narrative sequencer opening the verse.,
Mark.11.21,403,833027,1,0,G4074G,Peter,related_word,resolved,,,,"CORRECTED (v1 wrongly reported 0): 16 related codes under the exact code G4074G, genuine and directly relevant -- Peter's OWN other names/epithets (Cephas, Simon, Bar-Jonah) are cross-referenced here, the same identity-cluster pattern as Jacob=Israel elsewhere in this sample -- one person, multiple attested names.",
Mark.11.21,404,833028,2,0,G0363,remembered,related_word,resolved,,,,"Genuine, direct family: remembrance / to remember (G0364/G3403) -- real cognates, expected.",
Mark.11.21,405,833029,3,0,G3004G,said,related_word,resolved,,,,"CORRECTED (v1 wrongly reported 0): 15 related codes under the exact code G3004G, genuine but a notably different semantic register -- this 'say' root's family skews toward dispute/rebuke/conviction (antilego 'to dispute', elenchos 'rebuke', exelencho 'to convict'), not plain neutral speech. Worth naming: the same verb root that means simple 'said' here extends elsewhere to argumentative/accusatory speech.",
Mark.11.21,406,833030,4,0,G0846,him,related_word,resolved,,,,"Minor genuine relation: reflexive-pronoun morphological family (G1438/G1683) -- real cognates, not a substantive finding on its own.",
Mark.11.21,407,833030,4,0,G0846,him,entity_link,resolved,,,,"'him' (dative) refers to Jesus, the addressee of Peter's remark -- confirmed from the target verse's own grammar (a vocative 'Rabbi' immediately follows).",
Mark.11.21,408,833031,5,0,G4461,Rabbi,related_word,resolved,,,,"Genuine, direct cognate: Rabboni (G4462) -- the same honorific family, real.",
Mark.11.21,409,833032,6,0,G2396,look,related_word,resolved,,,,"Genuine, direct cognate: 'to perceive/know' (G1492) -- 'look/behold' shares its root with 'to see', real and expected.",
Mark.11.21,410,833033,7,0,G4808,fig tree,related_word,resolved,,,,"Genuine botanical-term cluster: mulberry/sycamore/fig (G4807/G4809/G4810) -- real, all fruit-tree names sharing a root, not coincidental.",
Mark.11.21,411,833033,7,0,G4808,fig tree,entity_link,resolved,Mark.11.13,4,,"'fig tree' (G4808) is the same tree Jesus approached in Mark.11.13 -- same strong code, same referent, confirmed by a targeted read of the earlier verse. NOT cross_lemma_shared_gloss -- that note_type is for two DIFFERENT lemmas sharing a sense, not the same code recurring.",
Mark.11.21,412,833034,8,0,G3739,that,related_word,checked_empty,,,,"1 related code pulled, form/gloss empty -- not usable.",
Mark.11.21,413,833034,8,0,G3739,that,pronoun_resolution,resolved,Mark.11.21,7,,'that' (relative pronoun) refers to 'fig tree' (position 7) -- the relative clause's antecedent within the same verse.,
Mark.11.21,414,833035,9,0,G2672,cursed,related_word,resolved,,,,"Genuine, direct family: cursed/curse (G1944/G2671) -- real cognates.",
Mark.11.21,415,833036,10,0,G3583,withered,related_word,resolved,,,,"Genuine, direct cognate: 'dried up/withered' (G3584) -- real, expected.",
Rom.9.14,362,89073,0,0,G5101,What,related_word,resolved,,,,"Genuine interrogative-pronoun family: why?/one?/which? (G2444/G5100) -- real cognates, expected.",
Rom.9.14,363,89074,1,0,G4483,say,related_word,resolved,,,,"Genuine, large cognate family: say/speak (G2036/G2046/G4482/G4487/G4489) -- the classic Greek verb-of-speech cluster, real.",
Rom.9.14,364,89075,2,0,G3767,then,connective,unclassified,,,,"'then' (oun) here is inferential -- drawing a conclusion from the preceding argument. The design's 3-class connective lexicon has no inferential class -- correctly UNCLASSIFIED, the same taxonomy gap already found at Lev.17.16 (conditional) and Prov.31.30 (adversative).",
Rom.9.14,365,89076,3,0,G3361,Is,related_word,checked_empty,,,,0 related codes pulled.,
Rom.9.14,366,89076,3,0,G3361,Is,connective,resolved,,,"[89080, 89081]",Part of the me genoito ('by no means') rhetorical-denial construction together with positions 7-8.,
Rom.9.14,367,89077,4,0,G0093,injustice,related_word,resolved,,,,"Genuine, rich family: harm/crime/unjust/opponent/justice (G0091-G1341) -- a substantial semantic cluster directly relevant to Paul's own argument about justice/righteousness in Romans.",
Rom.9.14,368,89078,5,0,G3844,on,related_word,checked_empty,,,,0 related codes pulled.,
Rom.9.14,369,89079,6,0,G2316,God’s,related_word,resolved,,,,"Genuine, theologically rich family: without-God/goddess/divine/God-fighting/God-breathed (G0112-G2315) -- a real, significant cluster directly relevant to a study of divine-referring vocabulary specifically.",
Rom.9.14,370,89080,7,0,G3361,no,related_word,checked_empty,,,,0 related codes pulled.,
Rom.9.14,371,89080,7,0,G3361,no,idiom,resolved,Rom.9.14,8,,"me genoito ('by no means') is a fixed, well-known Pauline rhetorical idiom for emphatic denial, spanning positions 7-8.",
Rom.9.14,372,89081,8,0,G1096,means,related_word,checked_empty,,,,Only a self-referential match (ginomai to itself) -- not a genuine external relation.,
